Page,Section,English,Vietnamese,Notes
,,,,
Landing,Heading,Welcome,Welcome,
Landing,Button 1,English,English,
Landing,Button 2,Ti·∫øng Vi·ªát,Ti·∫øng Vi·ªát,
Landing,Tagline,Based in Vietnam & New Zealand | Serving APAC Region,Based in Vietnam & New Zealand | Serving APAC Region,
,,,,
Home,Text,Building Healthcare Partnerships in Vietnam & APAC,K·∫øt n·ªëi h·ª£p t√°c y t·∫ø t·∫°i Vi·ªát Nam v√† khu v·ª±c Ch√¢u √Å ‚Äì Th√°i B√¨nh D∆∞∆°ng,
Home,Heading,People-first Systems Integration Consultancy,T∆∞ v·∫•n t√≠ch h·ª£p h·ªá th·ªëng v·ªõi tr·ªçng t√¢m l√† con ng∆∞·ªùi,
Home,Paragraph,"Transform your operations with seamless technology integration that puts people at the center. Expert guidance for healthcare, beauty tech, and diverse industry sectors.","Chuy·ªÉn ƒë·ªïi ho·∫°t ƒë·ªông doanh nghi·ªáp v·ªõi c√°c gi·∫£i ph√°p t√≠ch h·ª£p c√¥ng ngh·ªá linh ho·∫°t, l·∫•y con ng∆∞·ªùi l√†m trung t√¢m. HealthSyncX mang ƒë·∫øn chuy√™n m√¥n s√¢u cho c√°c lƒ©nh v·ª±c y t·∫ø, c√¥ng ngh·ªá l√†m ƒë·∫πp v√† nhi·ªÅu ng√†nh kh√°c.",
Home,Heading 2,Free 30-Minute Strategy Session,ƒêƒÉng k√Ω 30 ph√∫t t∆∞ v·∫•n mi·ªÖn ph√≠,
Home,Heading 3,View All Services,Xem t·∫•t c·∫£ d·ªãch v·ª•,
Home,Heading 4,Common Challenges Our Clients Face,Nh·ªØng th√°ch th·ª©c m√† kh√°ch h√†ng th∆∞·ªùng g·∫∑p,
Home,Heading 5,Disconnected Systems,"H·ªá th·ªëng r·ªùi r·∫°c, thi·∫øu k·∫øt n·ªëi",
Home,Text 2,Critical data trapped in legacy tools that don't communicate.,"D·ªØ li·ªáu quan tr·ªçng b·ªã m·∫Øc k·∫πt trong c√°c h·ªá th·ªëng c≈©, kh√¥ng th·ªÉ chia s·∫ª qua l·∫°i.",
Home,Heading 6,Unclear Return on Investment,Hi·ªáu qu·∫£ ƒë·∫ßu t∆∞ kh√≥ ƒëo l∆∞·ªùng,
Home,Text 3,Technology investments that look good on paper but never deliver measurable returns.,ƒê·∫ßu t∆∞ c√¥ng ngh·ªá tr√¥ng c√≥ v·∫ª hi·ªáu qu·∫£ nh∆∞ng l·∫°i kh√≥ ch·ª©ng minh ƒë∆∞·ª£c gi√° tr·ªã th·ª±c t·∫ø.,
Home,Heading 7,Workflow Friction,Quy tr√¨nh v·∫≠n h√†nh thi·∫øu m∆∞·ª£t m√†,
Home,Text 4,New systems that disrupt how people actually work.,H·ªá th·ªëng m·ªõi khi·∫øn nh√¢n vi√™n kh√≥ th√≠ch nghi v√† l√†m gi√°n ƒëo·∫°n quy tr√¨nh l√†m vi·ªác.,
Home,Heading 8,Security & Compliance Risks,R·ªßi ro v·ªÅ b·∫£o m·∫≠t v√† tu√¢n th·ªß quy ƒë·ªãnh,
Home,Text 5,"Mounting regulatory pressure, from international to local data rules.",√Åp l·ª±c t·ª´ c√°c quy ƒë·ªãnh trong n∆∞·ªõc v√† qu·ªëc t·∫ø ng√†y c√†ng cao.,
Home,Heading 9,Resistance to Change,T√¢m l√Ω ng·∫°i thay ƒë·ªïi c√¥ng ngh·ªá,
Home,Text 6,"Teams overwhelmed by too many tools, too little training.",Nh√¢n vi√™n b·ªã qu√° t·∫£i v√¨ c√≥ qu√° nhi·ªÅu c√¥ng c·ª• nh∆∞ng l·∫°i thi·∫øu h∆∞·ªõng d·∫´n v√† ƒë√†o t·∫°o.,
Home,Heading 10,Vendor Lock-In,Ph·ª• thu·ªôc v√†o nh√† cung c·∫•p,
Home,Text 7,Locked into systems that limit flexibility and innovation.,"B·ªã r√†ng bu·ªôc v·ªÅ h·ªá th·ªëng v·ªõi nh√† cung c·∫•p c≈© n√™n thi·∫øu linh ho·∫°t, kh√≥ ƒë·ªïi m·ªõi.",
Home,Heading 11,Who We Support,ƒê·ªëi t∆∞·ª£ng kh√°ch h√†ng c·ªßa ch√∫ng t√¥i,
Home,Paragraph 2,"Whether you're a small business taking your first steps toward digital transformation or a large enterprise managing complex multi-system environments, HealthSyncX helps you move forward with confidence.","D√π b·∫°n l√† doanh nghi·ªáp nh·ªè m·ªõi b·∫Øt ƒë·∫ßu h√†nh tr√¨nh chuy·ªÉn ƒë·ªïi s·ªë hay t·∫≠p ƒëo√†n l·ªõn ƒëang v·∫≠n h√†nh nhi·ªÅu h·ªá th·ªëng ph·ª©c t·∫°p, HealthSyncX s·∫Ω ƒë·ªìng h√†nh gi√∫p b·∫°n ti·∫øn b∆∞·ªõc v·ªØng ch·∫Øc.",
Home,Heading 12,Small and Mid-Sized Businesses,Doanh nghi·ªáp v·ª´a v√† nh·ªè,
Home,Button/Link,You want modern tools that simplify operations without draining budgets or disrupting daily work.,B·∫°n c·∫ßn c√°c c√¥ng c·ª• hi·ªán ƒë·∫°i gi√∫p ƒë∆°n gi·∫£n h√≥a quy tr√¨nh v·∫≠n h√†nh m√† v·∫´n ti·∫øt ki·ªám chi ph√≠ v√† kh√¥ng ·∫£nh h∆∞·ªüng ƒë·∫øn c√¥ng vi·ªác h√†ng ng√†y.,
Home,Paragraph 3,"HealthSyncX delivers scalable, right-sized integration ‚Äî connecting your devices, data, and workflows so you can compete like a larger player while staying agile and cost-efficient.","HealthSyncX mang ƒë·∫øn gi·∫£i ph√°p t√≠ch h·ª£p ph√π h·ª£p v·ªõi quy m√¥ c·ªßa b·∫°n ‚Äî k·∫øt n·ªëi thi·∫øt b·ªã, d·ªØ li·ªáu v√† quy tr√¨nh ƒë·ªÉ doanh nghi·ªáp v·∫≠n h√†nh linh ho·∫°t, hi·ªáu qu·∫£ v√† ƒë·ªß s·ª©c c·∫°nh tranh v·ªõi c√°c ƒë·ªëi th·ªß l·ªõn h∆°n.",
Home,Heading 13,Large Enterprises,Doanh nghi·ªáp l·ªõn,
Home,Text 8,"You face the opposite problems: too many systems, too much data, and teams that don't always align.","Doanh nghi·ªáp c·ªßa b·∫°n th∆∞·ªùng g·∫∑p c√°c v·∫•n ƒë·ªÅ ng∆∞·ª£c l·∫°i: c√≥ qu√° nhi·ªÅu h·ªá th·ªëng, d·ªØ li·ªáu ph√¢n t√°n v√† c√°c b·ªô ph·∫≠n kh√≥ ph·ªëi h·ª£p ƒë·ªìng b·ªô.",
Home,Paragraph 4,"We help unify legacy and modern platforms, improve interoperability across departments, and create visibility and compliance without slowing innovation.","Ch√∫ng t√¥i gi√∫p ƒë·ªìng b·ªô h·ªá th·ªëng c≈© v√† m·ªõi, tƒÉng kh·∫£ nƒÉng k·∫øt n·ªëi gi·ªØa c√°c ph√≤ng ban, ƒë·∫£m b·∫£o minh b·∫°ch v√† tu√¢n th·ªß m√† v·∫´n gi·ªØ nh·ªãp ƒë·ªïi m·ªõi.",
Home,Heading 14,Industry Leaders and Innovators,D√†nh cho c√°c nh√† l√£nh ƒë·∫°o v√† ƒë∆°n v·ªã ƒë·ªïi m·ªõi,
Home,Paragraph 5,If you build the technologies others depend on ‚Äî from medical devices to educational platforms ‚Äî HealthSyncX can be your local integration and deployment partner in Vietnam and across the Asia-Pacific.,N·∫øu b·∫°n ph√°t tri·ªÉn c√°c gi·∫£i ph√°p c√¥ng ngh·ªá m√† nhi·ªÅu ng∆∞·ªùi c·∫ßn ‚Äî t·ª´ thi·∫øt b·ªã y t·∫ø ƒë·∫øn n·ªÅn t·∫£ng gi√°o d·ª•c ‚Äî HealthSyncX l√† ƒë·ªëi t√°c t√≠ch h·ª£p v√† tri·ªÉn khai ƒë√°ng tin c·∫≠y c·ªßa b·∫°n t·∫°i Vi·ªát Nam v√† khu v·ª±c Ch√¢u √Å ‚Äì Th√°i B√¨nh D∆∞∆°ng.,
Home,Text 9,"We ensure your solutions reach real-world users efficiently, securely, and at scale.","Ch√∫ng t√¥i gi√∫p gi·∫£i ph√°p c·ªßa b·∫°n ƒë∆∞·ª£c tri·ªÉn khai ƒë·∫øn ng∆∞·ªùi d√πng th·ª±c t·∫ø m·ªôt c√°ch an to√†n, hi·ªáu qu·∫£ v√† c√≥ th·ªÉ m·ªü r·ªông.",
Home,Heading 15,Why Choose Us,V√¨ sao ch·ªçn HealthSyncX,
Home,Subtitle,Integration that Delivers Measurable Results,"Gi·∫£i ph√°p t√≠ch h·ª£p mang l·∫°i gi√° tr·ªã th·ª±c, c√≥ th·ªÉ ƒëo l∆∞·ªùng",Subtitle added under main heading
Home,Intro Text,"At HealthSyncX, integration isn't just about connecting systems ‚Äî it's about unlocking measurable value across every part of your business:","V·ªõi HealthSyncX, t√≠ch h·ª£p kh√¥ng ch·ªâ l√† k·∫øt n·ªëi h·ªá th·ªëng ‚Äî m√† c√≤n l√† m·ªü kh√≥a cho vi·ªác mang l·∫°i gi√° tr·ªã th·ª±c ·ªü nhi·ªÅu m·∫∑t cho doanh nghi·ªáp c·ªßa b·∫°n.",Introduction to statistics section
Home,Statistic 1,3.2x Return on Investment for each $1 invested in interoperability and workflow integration.,"ƒêem l·∫°i l·ª£i nhu·∫≠n g·∫•p 3,2 l·∫ßn cho m·ªói 1 USD ƒë·∫ßu t∆∞ v√†o t√≠ch h·ª£p v√† t·ªëi ∆∞u quy tr√¨nh.",Green checkmark icon + orange numbers (3.2x and $1) + bold text
Home,Statistic 2,25 ‚Äì 35% average operational cost reduction within 18 months.,Gi·∫£m trung b√¨nh 25 ‚Äì 35% chi ph√≠ v·∫≠n h√†nh ch·ªâ sau 18 th√°ng.,Green checkmark icon + orange number (25 ‚Äì 35%) + bold text
Home,Statistic 3,45% time savings in documentation and repetitive tasks.,Ti·∫øt ki·ªám 45% th·ªùi gian cho c√°c c√¥ng vi·ªác h√†nh ch√≠nh v√† thao t√°c l·∫∑p l·∫°i.,Green checkmark icon + orange number (45%) + bold text
Home,Statistic 4,50% lower support costs by avoiding vendor lock-in.,C·∫Øt gi·∫£m 50% chi ph√≠ h·ªó tr·ª£ nh·ªù tr√°nh b·ªã ph·ª• thu·ªôc nh√† cung c·∫•p.,Green checkmark icon + orange number (50%) + bold text
Home,Statistic 5,61.7% shorter hospital stays through optimized patient flow.,"R√∫t ng·∫Øn 61,7% th·ªùi gian n·∫±m vi·ªán nh·ªù quy tr√¨nh cho b·ªánh nh√¢n ƒë∆∞·ª£c t·ªëi ∆∞u h√≥a.",Green checkmark icon + orange number (61.7%) + bold text
Home,Statistic 6,75% fewer no-shows with integrated communication tools.,Gi·∫£m 75% s·ªë ca h·∫πn b·ªã b·ªè l·ª° nh·ªù h·ªá th·ªëng li√™n l·∫°c ƒë∆∞·ª£c k·∫øt n·ªëi ƒë·ªìng b·ªô.,Green checkmark icon + orange number (75%) + bold text
Home,Statistic 7,20% higher profitability & 25% higher productivity in manufacturing and logistics.,TƒÉng 20% l·ª£i nhu·∫≠n v√† 25% nƒÉng su·∫•t trong lƒ©nh v·ª±c s·∫£n xu·∫•t v√† cung ·ª©ng.,Green checkmark icon + orange numbers (20% and 25%) + bold text
Home,Statistic 8,Up to 40% administrative cost reduction in education via workflow automation.,Gi·∫£m ƒë·∫øn 40% chi ph√≠ h√†nh ch√≠nh trong gi√°o d·ª•c th√¥ng qua t·ª± ƒë·ªông h√≥a quy tr√¨nh.,Green checkmark icon + orange number (40%) + bold text
Home,Statistic 9,$500K ‚Äì 1.3M annual savings per financial institution through connected systems.,"M·ªói t·ªï ch·ª©c t√†i ch√≠nh c√≥ th·ªÉ ti·∫øt ki·ªám t·ª´ 500.000 ƒë·∫øn 1,3 tri·ªáu USD m·ªói nƒÉm nh·ªù h·ªá th·ªëng ƒë∆∞·ª£c k·∫øt n·ªëi hi·ªáu qu·∫£.",Green checkmark icon + orange amount ($500K ‚Äì 1.3M) + bold text
Home,Statistic 10,57% of hotels report revenue growth and 93% improved operations after digital integration.,57% kh√°ch s·∫°n ghi nh·∫≠n doanh thu tƒÉng v√† 93% c·∫£i thi·ªán hi·ªáu su·∫•t v·∫≠n h√†nh sau khi tri·ªÉn khai t√≠ch h·ª£p s·ªë.,Green checkmark icon + orange numbers (57% and 93%) + bold text
Home,Footer Note,"‚Üí Data backed by independent industry studies across healthcare, manufacturing, education, finance, and hospitality sectors.","‚Üí C√°c s·ªë li·ªáu ƒë∆∞·ª£c ch·ª©ng minh qua nghi√™n c·ª©u ƒë·ªôc l·∫≠p trong c√°c ng√†nh y t·∫ø, s·∫£n xu·∫•t, gi√°o d·ª•c, t√†i ch√≠nh v√† d·ªãch v·ª• kh√°ch h√†ng.",Small italic text centered below statistics
Home,Heading 16,What is People-First Systems Integration?,T√≠ch h·ª£p h·ªá th·ªëng l·∫•y con ng∆∞·ªùi l√†m trung t√¢m l√† g√¨?,
Home,Paragraph 8,"At HealthSyncX, we believe systems integration is more than just connecting technologies. True integration requires a holistic approach that puts people at the center of every solution.","T·∫°i HealthSyncX, ch√∫ng t√¥i tin r·∫±ng t√≠ch h·ª£p h·ªá th·ªëng kh√¥ng ch·ªâ ƒë∆°n thu·∫ßn l√† k·∫øt n·ªëi c√¥ng ngh·ªá. S·ª± t√≠ch h·ª£p th·ª±c s·ª± ƒë√≤i h·ªèi m·ªôt c√°ch ti·∫øp c·∫≠n to√†n di·ªán, n∆°i con ng∆∞·ªùi lu√¥n l√† tr·ªçng t√¢m c·ªßa m·ªçi gi·∫£i ph√°p.",
Home,Heading 17,Hardware & Devices,Ph·∫ßn c·ª©ng v√† thi·∫øt b·ªã,
Home,Text 11,"Medical devices, IoT sensors, equipment, and physical infrastructure","Thi·∫øt b·ªã y t·∫ø, c·∫£m bi·∫øn IoT, m√°y m√≥c v√† h·∫° t·∫ßng v·∫≠t l√Ω",
Home,Heading 18,Software & Digital Solutions,Ph·∫ßn m·ªÅm v√† gi·∫£i ph√°p s·ªë,
Home,Text 12,"EMR/EHR systems, PACS, management platforms, and applications","H·ªá th·ªëng EMR/EHR, PACS, n·ªÅn t·∫£ng qu·∫£n l√Ω v√† c√°c ·ª©ng d·ª•ng h·ªó tr·ª£",
Home,Heading 19,Networks & Cybersecurity,M·∫°ng v√† b·∫£o m·∫≠t,
Home,Text 13,"Secure connectivity, data protection, and infrastructure","K·∫øt n·ªëi an to√†n, b·∫£o v·ªá d·ªØ li·ªáu v√† h·∫° t·∫ßng m·∫°ng ƒë√°ng tin c·∫≠y",
Home,Heading 20,Workflows & Processes,Quy tr√¨nh v√† lu·ªìng c√¥ng vi·ªác,
Home,Text 14,Optimized processes that fit organizational culture and needs,Quy tr√¨nh ƒë∆∞·ª£c t·ªëi ∆∞u ƒë·ªÉ ph√π h·ª£p v·ªõi vƒÉn h√≥a v√† nhu c·∫ßu th·ª±c t·∫ø c·ªßa t·ªï ch·ª©c,
Home,Heading 21,People - The Heart of Integration,Con ng∆∞·ªùi ‚Äì Tr√°i tim c·ªßa qu√° tr√¨nh t√≠ch h·ª£p,
Home,Text 15,"Technology adoption readiness, comprehensive user training, ongoing support, and change management","S·ª± s·∫µn s√†ng cho vi·ªác √°p d·ª•ng c√¥ng ngh·ªá, ch∆∞∆°ng tr√¨nh ƒë√†o t·∫°o to√†n di·ªán, h·ªó tr·ª£ li√™n t·ª•c v√† qu·∫£n l√Ω thay ƒë·ªïi hi·ªáu qu·∫£",
Home,Heading 22,Why People-First Matters,V√¨ sao vi·ªác ƒë·∫∑t con ng∆∞·ªùi l√†m trung t√¢m l·∫°i quan tr·ªçng,
Home,Paragraph 9,The most sophisticated technology integration will fail without considering the people who will use it.,"D√π c√¥ng ngh·ªá c√≥ ti√™n ti·∫øn ƒë·∫øn ƒë√¢u, vi·ªác t√≠ch h·ª£p s·∫Ω th·∫•t b·∫°i n·∫øu kh√¥ng t√≠nh ƒë·∫øn nh·ªØng ng∆∞·ªùi tr·ª±c ti·∫øp s·ª≠ d·ª•ng n√≥.",
Home,Paragraph 10,"HealthSyncX assesses user readiness, designs intuitive workflows, provides comprehensive training, and ensures ongoing support - because successful integration means successful adoption.","HealthSyncX ƒë√°nh gi√° m·ª©c ƒë·ªô s·∫µn s√†ng c·ªßa ng∆∞·ªùi d√πng, thi·∫øt k·∫ø quy tr√¨nh tr·ª±c quan, cung c·∫•p ƒë√†o t·∫°o to√†n di·ªán v√† h·ªó tr·ª£ li√™n t·ª•c ‚Äì v√¨ ch√∫ng t√¥i hi·ªÉu r·∫±ng t√≠ch h·ª£p hi·ªáu qu·∫£ ch·ªâ x·∫£y ra khi ng∆∞·ªùi d√πng th·∫≠t s·ª± ch·∫•p nh·∫≠n v√† s·ª≠ d·ª•ng th√†nh c√¥ng.",
Home,Heading 23,Our Core Services,C√°c d·ªãch v·ª• ch√≠nh,
Home,Paragraph 11,People-centered consultancy services designed to help you navigate technology challenges and opportunities,"D·ªãch v·ª• t∆∞ v·∫•n l·∫•y con ng∆∞·ªùi l√†m trung t√¢m, gi√∫p doanh nghi·ªáp gi·∫£i quy·∫øt th√°ch th·ª©c v√† t·∫≠n d·ª•ng c∆° h·ªôi c√¥ng ngh·ªá.",
Home,Heading 24,Holistic Systems Integration,T√≠ch h·ª£p h·ªá th·ªëng to√†n di·ªán,
Home,Paragraph 12,"Comprehensive integration planning that encompasses hardware, software, networks, workflows, AND people - ensuring adoption success through training and support.","L·∫≠p k·∫ø ho·∫°ch t√≠ch h·ª£p to√†n di·ªán bao g·ªìm ph·∫ßn c·ª©ng, ph·∫ßn m·ªÅm, m·∫°ng l∆∞·ªõi, quy tr√¨nh v√† c·∫£ con ng∆∞·ªùi ‚Äì ƒë·∫£m b·∫£o vi·ªác tri·ªÉn khai hi·ªáu qu·∫£ nh·ªù ƒë√†o t·∫°o v√† h·ªó tr·ª£ s√°t sao.",
Home,Heading 25,Learn More ‚Üí,T√¨m hi·ªÉu th√™m ‚Üí,
Home,Heading 26,Workflow Optimization,T·ªëi ∆∞u h√≥a quy tr√¨nh,
Home,Paragraph 13,Process analysis and redesign that respects organizational culture while introducing efficiency improvements. We optimize for both technology and people.,"Ph√¢n t√≠ch v√† c·∫£i ti·∫øn quy tr√¨nh d·ª±a tr√™n vƒÉn h√≥a t·ªï ch·ª©c, mang l·∫°i hi·ªáu qu·∫£ cao h∆°n. Ch√∫ng t√¥i th·ª±c hi·ªán t·ªëi ∆∞u h√≥a cho c·∫£ c√¥ng ngh·ªá l·∫´n y·∫øu t·ªë con ng∆∞·ªùi.",
Home,Heading 27,Learn More ‚Üí,T√¨m hi·ªÉu th√™m ‚Üí,
Home,Heading 28,Training & Capacity Building,ƒê√†o t·∫°o v√† ph√°t tri·ªÉn nƒÉng l·ª±c,
Home,Paragraph 14,"Comprehensive user training, adoption support, and capacity building to ensure your team can effectively use and maintain integrated systems.","Ch∆∞∆°ng tr√¨nh ƒë√†o t·∫°o ng∆∞·ªùi d√πng to√†n di·ªán, h·ªó tr·ª£ √°p d·ª•ng th·ª±c t·∫ø v√† ph√°t tri·ªÉn nƒÉng l·ª±c ƒë·ªÉ ƒë·ªôi ng≈© c·ªßa b·∫°n s·ª≠ d·ª•ng v√† v·∫≠n h√†nh h·ªá th·ªëng t√≠ch h·ª£p m·ªôt c√°ch hi·ªáu qu·∫£.",
Home,Heading 29,Learn More ‚Üí,T√¨m hi·ªÉu th√™m ‚Üí,
Home,Heading 30,Product Development,Ph√°t tri·ªÉn s·∫£n ph·∫©m,
Home,Paragraph 15,"Partnering with healthcare innovators to transform ideas into market-ready solutions through comprehensive product development support, from concept validation to market entry.","H·ª£p t√°c v·ªõi c√°c chuy√™n gia ƒë·ªïi m·ªõi trong lƒ©nh v·ª±c y t·∫ø ƒë·ªÉ bi·∫øn √Ω t∆∞·ªüng th√†nh s·∫£n ph·∫©m s·∫µn s√†ng ra th·ªã tr∆∞·ªùng, v·ªõi h·ªó tr·ª£ tr·ªçn g√≥i t·ª´ giai ƒëo·∫°n ki·ªÉm ch·ª©ng √Ω t∆∞·ªüng ƒë·∫øn th∆∞∆°ng m·∫°i h√≥a.",
Home,Heading 31,Learn More ‚Üí,T√¨m hi·ªÉu th√™m ‚Üí,
Home,Heading 32,Healthcare Focus,∆Øu ti√™n cho lƒ©nh v·ª±c y t·∫ø,
Home,Heading 33,Healthcare Consultancy Expertise,Chuy√™n m√¥n t∆∞ v·∫•n trong ng√†nh y t·∫ø,
Home,Paragraph 16,"With a background in medical imaging and healthcare technology, we bring specialized knowledge to integration challenges. Our people-first consultancy helps you navigate the complexities of medical device connectivity, patient data management, and regulatory compliance while ensuring clinical staff are prepared and supported.","V·ªõi n·ªÅn t·∫£ng chuy√™n s√¢u v·ªÅ h√¨nh ·∫£nh y khoa v√† c√¥ng ngh·ªá y t·∫ø, ch√∫ng t√¥i mang ƒë·∫øn ki·∫øn th·ª©c th·ª±c ti·ªÖn ƒë·ªÉ gi·∫£i quy·∫øt c√°c th√°ch th·ª©c trong qu√° tr√¨nh t√≠ch h·ª£p. C√°ch ti·∫øp c·∫≠n ‚Äúl·∫•y con ng∆∞·ªùi l√†m trung t√¢m‚Äù gi√∫p b·∫°n x·ª≠ l√Ω t·ªët vi·ªác k·∫øt n·ªëi thi·∫øt b·ªã, qu·∫£n l√Ω d·ªØ li·ªáu b·ªánh nh√¢n v√† tu√¢n th·ªß quy ƒë·ªãnh, ƒë·ªìng th·ªùi b·∫£o ƒë·∫£m ƒë·ªôi ng≈© y t·∫ø ƒë∆∞·ª£c h·ªó tr·ª£ ƒë·∫ßy ƒë·ªß.",
Home,Heading 34,Enhanced Patient Care,N√¢ng cao ch·∫•t l∆∞·ª£ng chƒÉm s√≥c b·ªánh nh√¢n,
Home,Paragraph 17,"Streamline operations and improve efficiency while ensuring clinical staff can focus on patient care, not technology struggles.","ƒê∆°n gi·∫£n h√≥a quy tr√¨nh v·∫≠n h√†nh v√† tƒÉng hi·ªáu qu·∫£ l√†m vi·ªác, gi√∫p nh√¢n vi√™n y t·∫ø t·∫≠p trung h∆°n v√†o vi·ªác chƒÉm s√≥c b·ªánh nh√¢n thay v√¨ ph·∫£i loay hoay v·ªõi c√¥ng ngh·ªá.",
Home,Heading 35,Security & Compliance,B·∫£o m·∫≠t v√† tu√¢n th·ªß quy ƒë·ªãnh,
Home,Paragraph 18,"Ensure robust security and compliance with local and international laws, regulations, and industry standards.","ƒê·∫£m b·∫£o h·ªá th·ªëng lu√¥n an to√†n v√† tu√¢n th·ªß c√°c ti√™u chu·∫©n, quy ƒë·ªãnh c·ªßa ng√†nh ·ªü c·∫£ trong n∆∞·ªõc v√† qu·ªëc t·∫ø.",
Home,Heading 36,Digital Transformation,Chuy·ªÉn ƒë·ªïi s·ªë,
Home,Paragraph 19,Accelerate digital transformation with user-centered implementation that ensures clinical staff adoption and satisfaction.,"ƒê·∫©y nhanh qu√° tr√¨nh chuy·ªÉn ƒë·ªïi s·ªë v·ªõi ph∆∞∆°ng ph√°p tri·ªÉn khai l·∫•y ng∆∞·ªùi d√πng l√†m trung t√¢m, gi√∫p ƒë·ªôi ng≈© y t·∫ø d·ªÖ d√†ng ti·∫øp nh·∫≠n v√† h√†i l√≤ng khi s·ª≠ d·ª•ng.",
Home,Heading 37,Industries We Serve,C√°c lƒ©nh v·ª±c ch√∫ng t√¥i ph·ª•c v·ª•,
Home,Text 16,Specialized healthcare expertise with proven solutions across diverse sectors,Kinh nghi·ªám chuy√™n s√¢u trong lƒ©nh v·ª±c y t·∫ø c√πng c√°c gi·∫£i ph√°p ƒë√£ ƒë∆∞·ª£c ki·ªÉm ch·ª©ng ·ªü nhi·ªÅu ng√†nh ngh·ªÅ kh√°c nhau,
Home,Heading 38,Healthcare,Y t·∫ø,
Home,Text 17,"Specialized medical device integration, EMR/EHR systems, and clinical workflow optimization","T√≠ch h·ª£p thi·∫øt b·ªã y t·∫ø chuy√™n d·ª•ng, h·ªá th·ªëng EMR/EHR v√† t·ªëi ∆∞u h√≥a quy tr√¨nh l√¢m s√†ng",
Home,Heading 39,Beauty Tech,C√¥ng ngh·ªá l√†m ƒë·∫πp,
Home,Text 18,Digital transformation and quality systems for beauty and personal care clinics,Gi·∫£i ph√°p chuy·ªÉn ƒë·ªïi s·ªë v√† h·ªá th·ªëng qu·∫£n l√Ω ch·∫•t l∆∞·ª£ng cho c√°c ph√≤ng kh√°m v√† trung t√¢m chƒÉm s√≥c s·∫Øc ƒë·∫πp,
Home,Heading 40,Other Industries,C√°c ng√†nh kh√°c,
Home,Paragraph 20,"Custom integration solutions for education, manufacturing, finance, retail, logistics, hospitality, and other diverse sectors","Gi·∫£i ph√°p t√≠ch h·ª£p t√πy ch·ªânh cho c√°c ng√†nh gi√°o d·ª•c, s·∫£n xu·∫•t, t√†i ch√≠nh, b√°n l·∫ª, cung ·ª©ng, kh√°ch s·∫°n v√† nhi·ªÅu lƒ©nh v·ª±c kh√°c",
Home,Heading 41,Free 30-Minute Strategy Session,ƒêƒÉng k√Ω 30 ph√∫t t∆∞ v·∫•n mi·ªÖn ph√≠,
Home,Paragraph 21,Explore your technology integration challenges with our expert. Get preliminary feedback and actionable insights - no commitment required.,"C√πng chuy√™n gia c·ªßa ch√∫ng t√¥i trao ƒë·ªïi v·ªÅ nh·ªØng th√°ch th·ª©c trong vi·ªác t√≠ch h·ª£p c√¥ng ngh·ªá c·ªßa b·∫°n. Nh·∫≠n ph·∫£n h·ªìi nhanh v√† g·ª£i √Ω gi·∫£i ph√°p th·ª±c t·∫ø ‚Äì ho√†n to√†n mi·ªÖn ph√≠, kh√¥ng r√†ng bu·ªôc.",
Home,Heading 42,Book Your Free Session,ƒê·∫∑t l·ªãch t∆∞ v·∫•n mi·ªÖn ph√≠,
,,,,
Services,Heading,Our Core Services,C√°c d·ªãch v·ª• ch√≠nh,
Services,Paragraph,People-centered consultancy services designed to help you navigate technology challenges and opportunities,D·ªãch v·ª• t∆∞ v·∫•n l·∫•y con ng∆∞·ªùi l√†m tr·ªçng t√¢m ƒë∆∞·ª£c thi·∫øt k·∫ø ƒë·ªÉ gi√∫p b·∫°n v∆∞·ª£t qua th√°ch th·ª©c v√† t·∫≠n d·ª•ng c∆° h·ªôi c√¥ng ngh·ªá m·ªôt c√°ch hi·ªáu qu·∫£.,
Services,Heading 2,Holistic Systems Integration,T√≠ch h·ª£p h·ªá th·ªëng to√†n di·ªán,
Services,Paragraph 2,"Comprehensive integration planning that encompasses hardware, software, networks, workflows, AND people - ensuring adoption success through independent guidance, training, and support.","L·∫≠p k·∫ø ho·∫°ch t√≠ch h·ª£p t·ªïng th·ªÉ bao g·ªìm ph·∫ßn c·ª©ng, ph·∫ßn m·ªÅm, k·∫øt n·ªëi m·∫°ng, quy tr√¨nh v√† con ng∆∞·ªùi ‚Äì ƒë·ªÉ b·∫£o ƒë·∫£m tri·ªÉn khai th√†nh c√¥ng nh·ªù h∆∞·ªõng d·∫´n ƒë·ªôc l·∫≠p, ch∆∞∆°ng tr√¨nh ƒë√†o t·∫°o v√† h·ªó tr·ª£ th·ª±c t·∫ø.",
Services,Text,Independent technology assessment & vendor-neutral recommendations,"ƒê√°nh gi√° c√¥ng ngh·ªá v√† ƒë∆∞a ra khuy·∫øn ngh·ªã trung l·∫≠p, kh√¥ng ph·ª• thu·ªôc nh√† cung c·∫•p.",
Services,Text 2,"Hardware, software, and network infrastructure integration","T√≠ch h·ª£p ƒë·ªìng b·ªô ph·∫ßn c·ª©ng, ph·∫ßn m·ªÅm v√† h·∫° t·∫ßng m·∫°ng.",
Services,Heading 3,Organization workflow analysis & alignment,Ph√¢n t√≠ch v√† ƒëi·ªÅu ch·ªânh quy tr√¨nh ho·∫°t ƒë·ªông c·ªßa t·ªï ch·ª©c.,
Services,Heading 4,User readiness evaluation & capability assessment,ƒê√°nh gi√° m·ª©c ƒë·ªô s·∫µn s√†ng v√† nƒÉng l·ª±c c·ªßa ng∆∞·ªùi d√πng.,
Services,Text 3,Change management planning & Return on Investment analysis,L·∫≠p k·∫ø ho·∫°ch qu·∫£n l√Ω thay ƒë·ªïi v√† ph√¢n t√≠ch l·ª£i t·ª©c ƒë·∫ßu t∆∞ (ROI).,
Services,Heading 5,Workflow Optimization,T·ªëi ∆∞u h√≥a quy tr√¨nh l√†m vi·ªác,
Services,Paragraph 3,Process analysis and redesign that respects organizational culture while introducing efficiency improvements. We optimize for both technology and people.,"Ph√¢n t√≠ch v√† c·∫£i ti·∫øn quy tr√¨nh d·ª±a tr√™n vƒÉn h√≥a doanh nghi·ªáp, h∆∞·ªõng ƒë·∫øn hi·ªáu qu·∫£ cao h∆°n. T·ªëi ∆∞u h√≥a ƒë·ªìng th·ªùi cho c·∫£ c√¥ng ngh·ªá l·∫´n con ng∆∞·ªùi.",
Services,Heading 6,Process mapping & analysis,L·∫≠p s∆° ƒë·ªì v√† ph√¢n t√≠ch quy tr√¨nh.,
Services,Heading 7,Bottleneck identification,X√°c ƒë·ªãnh ƒëi·ªÉm ngh·∫Ωn trong v·∫≠n h√†nh.,
Services,Heading 8,Culture-sensitive redesign,Thi·∫øt k·∫ø l·∫°i quy tr√¨nh ph√π h·ª£p v·ªõi ƒë·∫∑c th√π vƒÉn h√≥a t·ªï ch·ª©c.,
Services,Heading 9,Efficiency improvement strategies,Chi·∫øn l∆∞·ª£c n√¢ng cao hi·ªáu qu·∫£ l√†m vi·ªác.,
Services,Heading 10,Technology-enabled optimization,T·ªëi ∆∞u h√≥a quy tr√¨nh v·ªõi s·ª± h·ªó tr·ª£ c·ªßa c√¥ng ngh·ªá.,
Services,Heading 11,Training & Capacity Building,ƒê√†o t·∫°o v√† ph√°t tri·ªÉn nƒÉng l·ª±c,
Services,Paragraph 4,"Comprehensive user training, adoption support, and capacity building to ensure your team can effectively use and maintain integrated systems.","Cung c·∫•p ch∆∞∆°ng tr√¨nh ƒë√†o t·∫°o to√†n di·ªán, h·ªó tr·ª£ tri·ªÉn khai v√† ph√°t tri·ªÉn nƒÉng l·ª±c ƒë·ªÉ ƒë·ªôi ng≈© c·ªßa b·∫°n c√≥ th·ªÉ v·∫≠n h√†nh h·ªá th·ªëng t√≠ch h·ª£p m·ªôt c√°ch hi·ªáu qu·∫£ nh·∫•t.",
Services,Heading 12,Comprehensive user training programs,C√°c ch∆∞∆°ng tr√¨nh ƒë√†o t·∫°o ng∆∞·ªùi d√πng to√†n di·ªán.,
Services,Heading 13,Technology adoption workshops,C√°c bu·ªïi th·ª±c h√†nh √°p d·ª•ng c√¥ng ngh·ªá.,
Services,Heading 14,Ongoing support & troubleshooting,H·ªó tr·ª£ k·ªπ thu·∫≠t v√† kh·∫Øc ph·ª•c s·ª± c·ªë li√™n t·ª•c.,
Services,Heading 15,Capacity building initiatives,Ch·ªß ƒë·ªông ph√°t tri·ªÉn nƒÉng l·ª±c ƒë·ªôi ng≈©.,
Services,Heading 16,Knowledge transfer sessions,Chia s·∫ª v√† chuy·ªÉn giao ki·∫øn th·ª©c.,
Services,Heading 17,Product Development,Ph√°t tri·ªÉn s·∫£n ph·∫©m,
Services,Paragraph 5,"Partnering with healthcare innovators to transform ideas into market-ready solutions through comprehensive product development support, from concept validation to market entry.","H·ª£p t√°c v·ªõi c√°c chuy√™n gia ƒë·ªïi m·ªõi trong lƒ©nh v·ª±c y t·∫ø ƒë·ªÉ bi·∫øn √Ω t∆∞·ªüng th√†nh s·∫£n ph·∫©m s·∫µn s√†ng th∆∞∆°ng m·∫°i h√≥a, v·ªõi s·ª± h·ªó tr·ª£ to√†n di·ªán t·ª´ giai ƒëo·∫°n ki·ªÉm ch·ª©ng √Ω t∆∞·ªüng ƒë·∫øn khi ƒë∆∞a ra th·ªã tr∆∞·ªùng.",
Services,Heading 18,Concept & feasibility assessment,ƒê√°nh gi√° √Ω t∆∞·ªüng v√† t√≠nh kh·∫£ thi c·ªßa s·∫£n ph·∫©m.,
Services,Heading 19,User needs analysis & validation,Ph√¢n t√≠ch v√† x√°c th·ª±c nhu c·∫ßu c·ªßa ng∆∞·ªùi d√πng.,
Services,Heading 20,Regulatory compliance guidance,H∆∞·ªõng d·∫´n tu√¢n th·ªß c√°c quy ƒë·ªãnh ph√°p l√Ω.,
Services,Heading 21,Prototype development support,H·ªó tr·ª£ ph√°t tri·ªÉn v√† ho√†n thi·ªán nguy√™n m·∫´u.,
Services,Heading 22,Market entry strategy,Chi·∫øn l∆∞·ª£c th√¢m nh·∫≠p th·ªã tr∆∞·ªùng hi·ªáu qu·∫£.,
Services,Heading 23,Free 30-Minute Strategy Session,ƒêƒÉng k√Ω 30 ph√∫t t∆∞ v·∫•n mi·ªÖn ph√≠,
Services,Paragraph 6,Explore your technology integration challenges with our expert. Get preliminary feedback and actionable insights - no commitment required.,"C√πng chuy√™n gia c·ªßa ch√∫ng t√¥i trao ƒë·ªïi v·ªÅ nh·ªØng th√°ch th·ª©c trong vi·ªác t√≠ch h·ª£p c√¥ng ngh·ªá c·ªßa b·∫°n. Nh·∫≠n ph·∫£n h·ªìi nhanh v√† g·ª£i √Ω gi·∫£i ph√°p th·ª±c t·∫ø ‚Äì ho√†n to√†n mi·ªÖn ph√≠, kh√¥ng r√†ng bu·ªôc.",
Services,Heading 24,Book Your Free Session,ƒê·∫∑t l·ªãch t∆∞ v·∫•n mi·ªÖn ph√≠,
,,,,
Solutions,Heading,Industry Solutions,Gi·∫£i ph√°p chuy√™n ng√†nh,
Solutions,Text,We understand the unique integration challenges across different sectors,Ch√∫ng t√¥i am hi·ªÉu s√¢u s·∫Øc c√°c th√°ch th·ª©c ƒë·∫∑c th√π trong vi·ªác t√≠ch h·ª£p h·ªá th·ªëng ·ªü c√°c chuy√™n ng√†nh kh√°c nhau.,
Solutions,Heading 2,Healthcare,Y t·∫ø,
Solutions,Text 2,Comprehensive systems integration for modern healthcare facilities,Gi·∫£i ph√°p t√≠ch h·ª£p h·ªá th·ªëng to√†n di·ªán cho c√°c c∆° s·ªü y t·∫ø hi·ªán ƒë·∫°i.,
Solutions,Heading 3,Hospital Information Systems (HIS) integration,T√≠ch h·ª£p h·ªá th·ªëng th√¥ng tin b·ªánh vi·ªán (HIS).,
Solutions,Heading 4,Medical device connectivity and data management,K·∫øt n·ªëi thi·∫øt b·ªã y t·∫ø v√† qu·∫£n l√Ω d·ªØ li·ªáu hi·ªáu qu·∫£.,
Solutions,Heading 5,Telemedicine platform implementation,Tri·ªÉn khai n·ªÅn t·∫£ng y t·∫ø t·ª´ xa.,
Solutions,Heading 6,Patient data security and compliance,B·∫£o m·∫≠t d·ªØ li·ªáu b·ªánh nh√¢n v√† tu√¢n th·ªß c√°c quy ƒë·ªãnh y t·∫ø.,
Solutions,Heading 7,Healthcare workflow optimization,T·ªëi ∆∞u h√≥a quy tr√¨nh l√†m vi·ªác trong chƒÉm s√≥c s·ª©c kh·ªèe.,
Solutions,Heading 8,Beauty Tech,C√¥ng ngh·ªá l√†m ƒë·∫πp,
Solutions,Text 3,Technology and device integration for product quality control and data management,Gi·∫£i ph√°p t√≠ch h·ª£p c√¥ng ngh·ªá v√† thi·∫øt b·ªã gi√∫p ki·ªÉm so√°t ch·∫•t l∆∞·ª£ng s·∫£n ph·∫©m v√† qu·∫£n l√Ω d·ªØ li·ªáu hi·ªáu qu·∫£.,
Solutions,Text 4,Quality control device integration and data capture,T√≠ch h·ª£p thi·∫øt b·ªã ki·ªÉm so√°t ch·∫•t l∆∞·ª£ng v√† thu th·∫≠p d·ªØ li·ªáu t·ª± ƒë·ªông.,
Solutions,Text 5,Product testing and analysis equipment connectivity,K·∫øt n·ªëi thi·∫øt b·ªã ki·ªÉm nghi·ªám v√† ph√¢n t√≠ch s·∫£n ph·∫©m.,
Solutions,Heading 9,Laboratory information management systems (LIMS),H·ªá th·ªëng qu·∫£n l√Ω th√¥ng tin ph√≤ng th√≠ nghi·ªám (LIMS).,
Solutions,Heading 10,Traceability and compliance data management,Qu·∫£n l√Ω d·ªØ li·ªáu cho truy xu·∫•t ngu·ªìn g·ªëc v√† tu√¢n th·ªß ti√™u chu·∫©n.,
Solutions,Heading 11,Real-time quality monitoring and reporting,Gi√°m s√°t v√† b√°o c√°o ch·∫•t l∆∞·ª£ng theo th·ªùi gian th·ª±c.,
Solutions,Heading 12,Other Industries,C√°c ng√†nh kh√°c,
Solutions,Text 6,Systems integration solutions for diverse sectors beyond our core focus areas,Gi·∫£i ph√°p t√≠ch h·ª£p linh ho·∫°t cho nhi·ªÅu ng√†nh ngh·ªÅ kh√°c ngo√†i c√°c lƒ©nh v·ª±c tr·ªçng ƒëi·ªÉm c·ªßa ch√∫ng t√¥i.,
Solutions,Button/Link,Education technology and learning management systems,Gi·∫£i ph√°p c√¥ng ngh·ªá gi√°o d·ª•c v√† h·ªá th·ªëng qu·∫£n l√Ω h·ªçc t·∫≠p.,
Solutions,Heading 13,Manufacturing and production management systems,Gi·∫£i ph√°p cho h·ªá th·ªëng qu·∫£n l√Ω s·∫£n xu·∫•t v√† v·∫≠n h√†nh nh√† m√°y.,
Solutions,Heading 14,Retail and e-commerce platforms,Gi·∫£i ph√°p cho ng√†nh b√°n l·∫ª v√† th∆∞∆°ng m·∫°i ƒëi·ªán t·ª≠.,
Solutions,Heading 15,Financial services and logistics,Gi·∫£i ph√°p t√≠ch h·ª£p cho ng√†nh t√†i ch√≠nh v√† logistics.,
Solutions,Heading 16,Hospitality and custom solutions,Gi·∫£i ph√°p t√πy ch·ªânh cho lƒ©nh v·ª±c kh√°ch s·∫°n v√† d·ªãch v·ª•.,
Solutions,Heading 17,Free 30-Minute Strategy Session,ƒêƒÉng k√Ω 30 ph√∫t t∆∞ v·∫•n mi·ªÖn ph√≠,
Solutions,Paragraph,Explore your technology integration challenges with our expert. Get preliminary feedback and actionable insights - no commitment required.,"C√πng chuy√™n gia c·ªßa ch√∫ng t√¥i trao ƒë·ªïi v·ªÅ nh·ªØng th√°ch th·ª©c trong vi·ªác t√≠ch h·ª£p c√¥ng ngh·ªá c·ªßa b·∫°n. Nh·∫≠n ph·∫£n h·ªìi nhanh v√† g·ª£i √Ω gi·∫£i ph√°p th·ª±c t·∫ø ‚Äì ho√†n to√†n mi·ªÖn ph√≠, kh√¥ng r√†ng bu·ªôc.",
Solutions,Heading 18,Book Your Free Session,ƒê·∫∑t l·ªãch t∆∞ v·∫•n mi·ªÖn ph√≠,
,,,,
Collaboration,Heading,Partner with HealthSyncX,H·ª£p t√°c c√πng HealthSyncX,
Collaboration,Text,Expand your reach in Vietnam and the APAC region through strategic partnership,M·ªü r·ªông ph·∫°m vi ho·∫°t ƒë·ªông t·∫°i Vi·ªát Nam v√† khu v·ª±c Ch√¢u √Å ‚Äì Th√°i B√¨nh D∆∞∆°ng b·∫±ng s·ª± h·ª£p t√°c chi·∫øn l∆∞·ª£c.,
Collaboration,Heading 2,Why Partner with Us?,V√¨ sao n√™n h·ª£p t√°c v·ªõi ch√∫ng t√¥i?,
Collaboration,Paragraph,"We bring deep local expertise, international experience, and a proven track record in healthcare technology integration across the APAC region. Our partnerships are built on shared vision, mutual trust, and commitment to delivering value.","Ch√∫ng t√¥i k·∫øt h·ª£p kinh nghi·ªám qu·ªëc t·∫ø, am hi·ªÉu th·ªã tr∆∞·ªùng ƒë·ªãa ph∆∞∆°ng v√† th√†nh t√≠ch ƒë√£ ƒë∆∞·ª£c ch·ª©ng minh trong lƒ©nh v·ª±c t√≠ch h·ª£p c√¥ng ngh·ªá y t·∫ø tr√™n to√†n khu v·ª±c Ch√¢u √Å ‚Äì Th√°i B√¨nh D∆∞∆°ng. C√°c m·ªëi quan h·ªá h·ª£p t√°c ƒë·ªÅu d·ª±a tr√™n t·∫ßm nh√¨n chung, s·ª± tin c·∫≠y v√† cam k·∫øt mang l·∫°i gi√° tr·ªã th·ª±c t·∫ø.",
Collaboration,Heading 3,Local Market Expertise,Hi·ªÉu bi·∫øt s√¢u v·ªÅ th·ªã tr∆∞·ªùng ƒë·ªãa ph∆∞∆°ng,
Collaboration,Text 2,"Deep understanding of Vietnam and APAC healthcare markets, regulations, and user needs","Th·∫•u hi·ªÉu th·ªã tr∆∞·ªùng y t·∫ø Vi·ªát Nam v√† khu v·ª±c APAC, n·∫Øm r√µ quy ƒë·ªãnh, nhu c·∫ßu v√† xu h∆∞·ªõng c·ªßa ng∆∞·ªùi d√πng.",
Collaboration,Heading 4,Established Network,M·∫°ng l∆∞·ªõi ƒë·ªëi t√°c v·ªØng m·∫°nh,
Collaboration,Text 3,"Strong relationships with healthcare providers, universities, and technology partners","S·ªü h·ªØu m·ªëi quan h·ªá ch·∫∑t ch·∫Ω v·ªõi c√°c nh√† cung c·∫•p d·ªãch v·ª• y t·∫ø, tr∆∞·ªùng ƒë·∫°i h·ªçc v√† ƒë·ªëi t√°c c√¥ng ngh·ªá h√†ng ƒë·∫ßu.",
Collaboration,Heading 5,Technical Excellence,NƒÉng l·ª±c k·ªπ thu·∫≠t v∆∞·ª£t tr·ªôi,
Collaboration,Text 4,"Advanced expertise in biomedical engineering, healthcare IT, and integration systems","Chuy√™n m√¥n s√¢u trong k·ªπ thu·∫≠t y sinh, CNTT y t·∫ø v√† c√°c h·ªá th·ªëng t√≠ch h·ª£p ph·ª©c h·ª£p.",
Collaboration,Heading 6,Bilingual Support,H·ªó tr·ª£ song ng·ªØ,
Collaboration,Text 5,"Seamless communication in English and Vietnamese, bridging international partners with local teams","Giao ti·∫øp tr√¥i ch·∫£y b·∫±ng c·∫£ ti·∫øng Anh v√† ti·∫øng Vi·ªát, gi√∫p k·∫øt n·ªëi c√°c ƒë·ªëi t√°c qu·ªëc t·∫ø v·ªõi ƒë·ªôi ng≈© ƒë·ªãa ph∆∞∆°ng m√† kh√¥ng g·∫∑p r√†o c·∫£n ng√¥n ng·ªØ hay vƒÉn h√≥a.",
Collaboration,Text 6,üá≥üáø,üá≥üáø,
Collaboration,Heading 7,New Zealand - Vietnam Bridge,C·∫ßu n·ªëi c√¥ng ngh·ªá New Zealand ‚Äì Vi·ªát Nam,
Collaboration,Text 7,üáªüá≥,üáªüá≥,
Collaboration,Paragraph 2,"HealthSyncX serves as a unique bridge between New Zealand's advanced healthcare innovation ecosystem and Vietnam's rapidly growing healthcare market. With operations in both countries, we understand the strengths, needs, and opportunities in each market. We help New Zealand companies navigate Vietnam's regulatory landscape and cultural context, while connecting Vietnamese organizations with world-class healthcare technologies and best practices from New Zealand.","HealthSyncX ƒë√≥ng vai tr√≤ l√† c·∫ßu n·ªëi gi·ªØa h·ªá sinh th√°i c√¥ng ngh·ªá y t·∫ø ti√™n ti·∫øn c·ªßa New Zealand v√† th·ªã tr∆∞·ªùng y t·∫ø ƒëang ph√°t tri·ªÉn nhanh t·∫°i Vi·ªát Nam. Nh·ªù ho·∫°t ƒë·ªông t·∫°i c·∫£ hai qu·ªëc gia, ch√∫ng t√¥i hi·ªÉu r√µ th·∫ø m·∫°nh, nhu c·∫ßu v√† c∆° h·ªôi c·ªßa t·ª´ng th·ªã tr∆∞·ªùng. HealthSyncX h·ªó tr·ª£ doanh nghi·ªáp New Zealand ti·∫øp c·∫≠n m√¥i tr∆∞·ªùng ph√°p l√Ω v√† vƒÉn h√≥a Vi·ªát Nam, ƒë·ªìng th·ªùi gi√∫p t·ªï ch·ª©c Vi·ªát ti·∫øp c·∫≠n c√¥ng ngh·ªá v√† chu·∫©n m·ª±c y t·∫ø qu·ªëc t·∫ø t·ª´ New Zealand.",
Collaboration,Heading 8,Partnership Opportunities,C√°c c∆° h·ªôi h·ª£p t√°c,
Collaboration,Heading 9,Technology Partners,ƒê·ªëi t√°c c√¥ng ngh·ªá,
Collaboration,Paragraph 3,"Medical device manufacturers, healthcare software providers, and technology innovators seeking to enter or expand in the APAC market","C√°c nh√† s·∫£n xu·∫•t thi·∫øt b·ªã y t·∫ø, ƒë∆°n v·ªã cung c·∫•p ph·∫ßn m·ªÅm v√† doanh nghi·ªáp ƒë·ªïi m·ªõi c√¥ng ngh·ªá mu·ªën m·ªü r·ªông sang th·ªã tr∆∞·ªùng khu v·ª±c Ch√¢u √Å ‚Äì Th√°i B√¨nh D∆∞∆°ng.",
Collaboration,Paragraph 4,Market entry support ‚Ä¢ Regulatory guidance ‚Ä¢ Local distribution ‚Ä¢ Integration services ‚Ä¢ Innovation collaboration,H·ªó tr·ª£ ti·∫øp c·∫≠n th·ªã tr∆∞·ªùng ‚Ä¢ T∆∞ v·∫•n ph√°p l√Ω ‚Ä¢ Ph√¢n ph·ªëi n·ªôi ƒë·ªãa ‚Ä¢ D·ªãch v·ª• t√≠ch h·ª£p ‚Ä¢ H·ª£p t√°c s√°ng t·∫°o ƒë·ªïi m·ªõi,
Collaboration,Heading 10,Healthcare Organizations,T·ªï ch·ª©c y t·∫ø,
Collaboration,Paragraph 5,"Hospitals, clinics, research institutions, and healthcare providers looking for systems integration expertise and technology transformation support","B·ªánh vi·ªán, ph√≤ng kh√°m v√† t·ªï ch·ª©c y t·∫ø mu·ªën n√¢ng c·∫•p c√¥ng ngh·ªá, t√≠ch h·ª£p h·ªá th·ªëng ho·∫∑c tri·ªÉn khai ch∆∞∆°ng tr√¨nh chuy·ªÉn ƒë·ªïi s·ªë.",
Collaboration,Text 8,Systems integration ‚Ä¢ Digital transformation ‚Ä¢ Training & support ‚Ä¢ Best practice guidance,T√≠ch h·ª£p c√°c h·ªá th·ªëng ‚Ä¢ Chuy·ªÉn ƒë·ªïi s·ªë ‚Ä¢ ƒê√†o t·∫°o & h·ªó tr·ª£ ‚Ä¢ Chia s·∫ª kinh nghi·ªám th·ª±c ti·ªÖn,
Collaboration,Heading 11,Research & Education Partners,ƒê·ªëi t√°c nghi√™n c·ª©u v√† gi√°o d·ª•c ƒë√†o t·∫°o,
Collaboration,Paragraph 6,"Universities, research centers, and educational institutions interested in collaborative projects, knowledge exchange, and capacity building","C√°c tr∆∞·ªùng ƒë·∫°i h·ªçc, trung t√¢m nghi√™n c·ª©u v√† c∆° s·ªü gi√°o d·ª•c mong mu·ªën h·ª£p t√°c nghi√™n c·ª©u, chia s·∫ª ki·∫øn th·ª©c v√† ph√°t tri·ªÉn nƒÉng l·ª±c.",
Collaboration,Text 9,Joint research ‚Ä¢ Knowledge exchange ‚Ä¢ Student programs ‚Ä¢ Innovation collaboration,Nghi√™n c·ª©u chung ‚Ä¢ Trao ƒë·ªïi ki·∫øn th·ª©c ‚Ä¢ Ch∆∞∆°ng tr√¨nh ƒë√†o t·∫°o sinh vi√™n ‚Ä¢ H·ª£p t√°c s√°ng t·∫°o ƒë·ªïi m·ªõi,
Collaboration,Heading 12,Partner Inquiry,Tham v·∫•n chi ti·∫øt v·ªÅ h·ª£p t√°c,
Collaboration,Paragraph 7,Interested in exploring partnership opportunities? Share your information and we'll be in touch to discuss how we can collaborate.,B·∫°n quan t√¢m ƒë·∫øn c∆° h·ªôi h·ª£p t√°c? H√£y ƒë·ªÉ l·∫°i th√¥ng tin v√† ch√∫ng t√¥i s·∫Ω li√™n h·ªá ƒë·ªÉ trao ƒë·ªïi c·ª• th·ªÉ v·ªÅ chi ti·∫øt h·ª£p t√°c.,
Collaboration,Heading 13,Name *,H·ªç v√† t√™n *,
Collaboration,Heading 14,Email *,Email *,
Collaboration,Heading 15,Company/Organization *,C√¥ng ty/T·ªï ch·ª©c *,
Collaboration,Heading 16,Phone *,ƒêi·ªán tho·∫°i *,
Collaboration,Heading 17,Website (optional),Website (n·∫øu c√≥),
Collaboration,Heading 18,Partnership Interest *,H√¨nh th·ª©c h·ª£p t√°c *,
Collaboration,Heading 19,Select partnership type,Ch·ªçn lo·∫°i h·ª£p t√°c,
Collaboration,Heading 20,Technology Partner,ƒê·ªëi t√°c c√¥ng ngh·ªá,
Collaboration,Heading 21,Healthcare Organization,T·ªï ch·ª©c y t·∫ø,
Collaboration,Heading 22,Research/Education,ƒê·ªëi t√°c nghi√™n c·ª©u/gi√°o d·ª•c ƒë√†o t·∫°o,
Collaboration,Heading 23,Other,Kh√°c,
Collaboration,Text 10,Tell us about your organization and partnership goals *,H√£y chia s·∫ª v·ªõi ch√∫ng t√¥i v·ªÅ t·ªï ch·ª©c v√† m·ª•c ti√™u h·ª£p t√°c c·ªßa b·∫°n *,
Collaboration,Button/Link,I consent to HealthSyncX using my submitted information to respond to my inquiry,T√¥i ƒë·ªìng √Ω ƒë·ªÉ HealthSyncX s·ª≠ d·ª•ng th√¥ng tin t√¥i cung c·∫•p ƒë·ªÉ li√™n h·ªá v√† ph·∫£n h·ªìi y√™u c·∫ßu c·ªßa t√¥i.,
Collaboration,Heading 24,Submit Partnership Inquiry,G·ª≠i y√™u c·∫ßu h·ª£p t√°c,
,,,,
About,Heading,Our Vision,T·∫ßm nh√¨n,
About,Paragraph,"To create a world where healthcare ecosystems are seamlessly connected ‚Äî where technology, data, and human collaboration work in harmony to deliver smarter, more efficient, more equitable, and compassionate care for everyone.","X√¢y d·ª±ng m·ªôt th·∫ø gi·ªõi n∆°i c√°c h·ªá sinh th√°i y t·∫ø ƒë∆∞·ª£c k·∫øt n·ªëi li·ªÅn m·∫°ch ‚Äî n∆°i c√¥ng ngh·ªá, d·ªØ li·ªáu v√† con ng∆∞·ªùi ph·ªëi h·ª£p h√†i h√≤a ƒë·ªÉ mang l·∫°i d·ªãch v·ª• chƒÉm s√≥c s·ª©c kh·ªèe th√¥ng minh, hi·ªáu qu·∫£, c√¥ng b·∫±ng, v√† nh√¢n vƒÉn h∆°n cho t·∫•t c·∫£ m·ªçi ng∆∞·ªùi.",
About,Heading 2,Our Mission,S·ª© m·ªánh,
About,Paragraph 2,"To bridge the gaps in today's fragmented healthcare ecosystem by synchronizing technologies, systems, workflows, and people ‚Äî creating connected, intelligent, and human-centered solutions that make healthcare more efficient, collaborative, and accessible across Asia-Pacific and beyond.","K·∫øt n·ªëi c√°c m·∫£nh gh√©p r·ªùi r·∫°c trong h·ªá sinh th√°i y t·∫ø ng√†y nay b·∫±ng c√°ch ƒë·ªìng b·ªô h√≥a c√°c c√¥ng ngh·ªá, h·ªá th·ªëng, quy tr√¨nh v√† con ng∆∞·ªùi ‚Äî t·∫°o ra c√°c gi·∫£i ph√°p th√¥ng minh, k·∫øt n·ªëi v√† l·∫•y con ng∆∞·ªùi l√†m tr·ªçng t√¢m, gi√∫p vi·ªác chƒÉm s√≥c s·ª©c kh·ªèe tr·ªü n√™n hi·ªáu qu·∫£, h·ª£p t√°c su√¥n s·∫ª, v√† d·ªÖ ti·∫øp c·∫≠n h∆°n t·∫°i khu v·ª±c Ch√¢u √Å ‚Äì Th√°i B√¨nh D∆∞∆°ng v√† tr√™n to√†n c·∫ßu.",
About,Heading 3,About HealthSyncX,V·ªÅ HealthSyncX,
About,Paragraph 3,"HealthSyncX Co., Ltd was founded to bridge the gaps in today's fragmented healthcare ecosystem. We believe that true progress in healthcare begins when technology, systems, workflows, and people work in harmony ‚Äî creating seamless connections that enable better decisions, stronger collaboration, and more compassionate care.","HealthSyncX ƒë∆∞·ª£c th√†nh l·∫≠p v·ªõi s·ª© m·ªánh thu h·∫πp kho·∫£ng c√°ch trong h·ªá sinh th√°i y t·∫ø ph√¢n m·∫£nh hi·ªán nay. Ch√∫ng t√¥i tin r·∫±ng s·ª± ti·∫øn b·ªô th·ª±c s·ª± trong y t·∫ø b·∫Øt ƒë·∫ßu khi c√¥ng ngh·ªá, h·ªá th·ªëng, quy tr√¨nh v√† con ng∆∞·ªùi ho·∫°t ƒë·ªông h√†i h√≤a v·ªõi nhau ‚Äî t·∫°o s·ª± k·∫øt n·ªëi li·ªÅn m·∫°ch ƒë·ªÉ gi√∫p ƒë∆∞a ra nh·ªØng quy·∫øt ƒë·ªãnh t·ªët h∆°n, tƒÉng c∆∞·ªùng h·ª£p t√°c v√† mang l·∫°i s·ª± chƒÉm s√≥c s·ª©c kh·ªèe nh√¢n vƒÉn h∆°n.",
About,Paragraph 4,"At HealthSyncX, we focus on transforming complexity into clarity. Our approach integrates engineering expertise, digital innovation, and human-centered design to help organizations align their technologies, data, and workflows. Whether you are a healthcare provider, research institution, or enterprise seeking to modernize your operations, we tailor solutions that fit your unique goals and realities.","T·∫°i HealthSyncX, ch√∫ng t√¥i gi√∫p chuy·ªÉn m·ªçi r·∫Øc r·ªëi ph·ª©c t·∫°p sang c√°ch gi·∫£i quy·∫øt r√µ r√†ng. B·∫±ng c√°ch k·∫øt h·ª£p chuy√™n m√¥n k·ªπ thu·∫≠t, ƒë·ªïi m·ªõi s·ªë v√† t∆∞ duy thi·∫øt k·∫ø l·∫•y con ng∆∞·ªùi l√†m trung t√¢m, ch√∫ng t√¥i gi√∫p c√°c t·ªï ch·ª©c ƒë·ªìng b·ªô c√¥ng ngh·ªá, d·ªØ li·ªáu v√† quy tr√¨nh v·∫≠n h√†nh. D√π b·∫°n l√† b·ªánh vi·ªán, t·ªï ch·ª©c nghi√™n c·ª©u hay doanh nghi·ªáp ƒëang mu·ªën hi·ªán ƒë·∫°i h√≥a ho·∫°t ƒë·ªông, HealthSyncX s·∫Ω t√πy ch·ªânh gi·∫£i ph√°p ph√π h·ª£p v·ªõi m·ª•c ti√™u v√† th·ª±c t·∫ø c·ªßa b·∫°n.",
About,Paragraph 5,"Our work spans technology integration, digital transformation, research collaboration, and professional training ‚Äî always guided by the belief that innovation must serve people first. We partner with hospitals, universities, and industry innovators across Asia-Pacific to co-create sustainable and secure ecosystems that enhance quality, efficiency, and trust.","C√¥ng vi·ªác c·ªßa ch√∫ng t√¥i bao g·ªìm t√≠ch h·ª£p c√¥ng ngh·ªá, chuy·ªÉn ƒë·ªïi s·ªë, h·ª£p t√°c nghi√™n c·ª©u v√† ƒë√†o t·∫°o chuy√™n nghi·ªáp ‚Äî c√πng ni·ªÅm tin r·∫±ng s·ª± ƒë·ªïi m·ªõi ph·∫£i ph·ª•c v·ª• con ng∆∞·ªùi tr∆∞·ªõc ti√™n m·ªõi c√≥ th·ªÉ ƒë·∫°t gi√° tr·ªã hi·ªáu qu·∫£. Ch√∫ng t√¥i h·ª£p t√°c c√πng c√°c b·ªánh vi·ªán, tr∆∞·ªùng ƒë·∫°i h·ªçc v√† c√°c nh√† s√°ng t·∫°o ƒë·ªïi m·ªõi trong khu v·ª±c Ch√¢u √Å ‚Äì Th√°i B√¨nh D∆∞∆°ng ƒë·ªÉ c√πng x√¢y d·ª±ng h·ªá sinh th√°i y t·∫ø b·ªÅn v·ªØng, an to√†n v√† ƒë√°ng tin c·∫≠y.",
About,Text,"""Synchronizing technology, systems, workflows, and people ‚Äî for better healthcare everywhere.""","""ƒê·ªìng b·ªô h√≥a c√¥ng ngh·ªá, h·ªá th·ªëng, quy tr√¨nh v√† con ng∆∞·ªùi ‚Äî ƒë·ªÉ n√¢ng cao chƒÉm s√≥c s·ª©c kh·ªèe ·ªü m·ªçi n∆°i.""",
About,Heading 4,Our Values,Gi√° tr·ªã c·ªët l√µi,
About,Heading 5,Mission-Driven,T·∫≠p trung v√†o s·ª© m·ªánh,
About,Text 2,Dedicated to transforming operations through seamless technology integration,Cam k·∫øt n√¢ng cao hi·ªáu qu·∫£ ho·∫°t ƒë·ªông th√¥ng qua t√≠ch h·ª£p c√¥ng ngh·ªá linh ho·∫°t v√† li·ªÅn m·∫°ch.,
About,Heading 6,Excellence,Ch·∫•t l∆∞·ª£ng xu·∫•t s·∫Øc,
About,Text 3,Committed to delivering the highest quality solutions and service,N·ªó l·ª±c mang ƒë·∫øn c√°c gi·∫£i ph√°p v√† d·ªãch v·ª• ch·∫•t l∆∞·ª£ng cao nh·∫•t.,
About,Heading 7,Client-Focused,Kh√°ch h√†ng l√† tr·ªçng t√¢m,
About,Text 4,Building lasting partnerships through trust and collaboration,X√¢y d·ª±ng m·ªëi quan h·ªá h·ª£p t√°c l√¢u d√†i d·ª±a tr√™n s·ª± tin c·∫≠y v√† ƒë·ªìng h√†nh c√πng ph√°t tri·ªÉn.,
About,Heading 8,Innovation,Kh√¥ng ng·ª´ng ƒë·ªïi m·ªõi,
About,Text 5,Leveraging proven and emerging technologies to solve complex challenges,·ª®ng d·ª•ng nh·ªØng c√¥ng ngh·ªá ƒë√£ ƒë∆∞·ª£c ki·ªÉm ch·ª©ng t√≠nh hi·ªáu qu·∫£ v√† c√¥ng ngh·ªá m·ªõi ƒë·ªÉ gi·∫£i quy·∫øt nh·ªØng th√°ch th·ª©c ph·ª©c t·∫°p ƒë·∫∑c th√π theo chuy√™n ng√†nh.,
About,Heading 9,Meet Our Founder,Ng∆∞·ªùi s√°ng l·∫≠p,
About,Heading 10,Long 'Leo' Phi Dang,Long 'Leo' Phi Dang,
About,Heading 11,Founder & CEO,Ng∆∞·ªùi s√°ng l·∫≠p & CEO,
About,Heading 12,Oxford,Oxford,
About,Heading 13,MSc Biomedical Engineering,Th·∫°c sƒ© K·ªπ thu·∫≠t Y sinh,
About,Heading 14,"University of Oxford, England","ƒê·∫°i h·ªçc Oxford, Anh",
About,Heading 15,UM,UM,
About,Heading 16,MEng Telecommunication Engineering,Th·∫°c sƒ© K·ªπ thu·∫≠t Vi·ªÖn th√¥ng,
About,Heading 17,"University of Melbourne, Australia","ƒê·∫°i h·ªçc Melbourne, √öc",
About,Heading 18,UCLA,UCLA,
About,Heading 19,BSc Electrical Engineering,C·ª≠ nh√¢n K·ªπ thu·∫≠t ƒêi·ªán,
About,Heading 20,"University of California - Los Angeles, USA","ƒê·∫°i h·ªçc California - Los Angeles, M·ªπ",
About,Heading 21,ASQA,ASQA,
About,Heading 22,Nationally Certified Trainer,Gi·∫£ng vi√™n ƒë∆∞·ª£c ch·ª©ng nh·∫≠n qu·ªëc gia,
About,Heading 23,Australian Skills Quality Authority (ASQA),C∆° quan Ch·∫•t l∆∞·ª£ng K·ªπ nƒÉng √öc (ASQA),
About,Heading 24,UIUC,UIUC,
About,Heading 25,Strategic Leadership and Management,Ch·ª©ng ch·ªâ l√£nh ƒë·∫°o v√† qu·∫£n l√Ω chi·∫øn l∆∞·ª£c,
About,Heading 26,"University of Illinois, USA","ƒê·∫°i h·ªçc Illinois, M·ªπ",
About,Heading 27,ICL,ICL,
About,Heading 28,Digital Health Specialization,Ch·ª©ng ch·ªâ chuy√™n m√¥n y t·∫ø s·ªë,
About,Heading 29,"Imperial College London, England","Imperial College London, Anh",
About,Heading 30,Stanford,Stanford,
About,Heading 31,AI in Healthcare Specialization,Ch·ª©ng ch·ªâ chuy√™n m√¥n AI cho y t·∫ø,
About,Heading 32,"Stanford University, USA","ƒê·∫°i h·ªçc Stanford, M·ªπ",
About,Heading 33,JHU,JHU,
About,Heading 34,AI for Cybersecurity Specialization,Ch·ª©ng ch·ªâ chuy√™n m√¥n AI cho an ninh m·∫°ng,
About,Heading 35,"Johns Hopkins University, USA","ƒê·∫°i h·ªçc Johns Hopkins, Hoa K·ª≥",
About,Heading 36,Connect,K·∫øt n·ªëi,
About,Paragraph 6,"""What if the real cure for healthcare's complexity lies not in more new technologies, but in connecting what already exists ‚Äî current technologies, systems, workflows, and people?""","‚ÄúC√≥ khi n√†o gi·∫£i ph√°p th·∫≠t s·ª± cho c√°c v·∫•n ƒë·ªÅ nan gi·∫£i trong y t·∫ø kh√¥ng n·∫±m ·ªü vi·ªác ph√°t tri·ªÉn th√™m c√°c c√¥ng ngh·ªá m·ªõi, m√† ·ªü vi·ªác k·∫øt n·ªëi nh·ªØng g√¨ ƒë√£ c√≥ ‚Äî c√¥ng ngh·ªá hi·ªán t·∫°i, c√°c h·ªá th·ªëng, quy tr√¨nh v√† con ng∆∞·ªùi?‚Äù",
About,Paragraph 7,"As a globally experienced engineer, researcher, and technology leader with over 20 years of professional and academic experience across Asia, Oceania, Europe, and North America, I've seen how fragmented healthcare systems affect not only efficiency but also human well-being.","V·ªõi t∆∞ c√°ch l√† m·ªôt k·ªπ s∆∞, nghi√™n c·ª©u vi√™n, v√† l√† ng∆∞·ªùi l√£nh ƒë·∫°o c√¥ng ngh·ªá, c√πng h∆°n 20 nƒÉm kinh nghi·ªám l√†m vi·ªác v√† ƒë√†o t·∫°o t·∫°i Ch√¢u √Å, Ch√¢u ƒê·∫°i D∆∞∆°ng, Ch√¢u √Çu v√† B·∫Øc M·ªπ, t√¥i ƒë√£ ch·ª©ng ki·∫øn c√°c ·∫£nh h∆∞·ªüng ti√™u c·ª±c c·ªßa h·ªá th·ªëng y t·∫ø b·ªã ph√¢n m·∫£nh hi·ªán nay ƒë·∫øn hi·ªáu qu·∫£ ho·∫°t ƒë·ªông v√† ch·∫•t l∆∞·ª£ng chƒÉm s√≥c s·ª©c kh·ªèe cho m·ªçi ng∆∞·ªùi.",
About,Paragraph 8,"Having lived and worked in Vietnam, Australia, New Zealand, the United Kingdom, and the United States, I bring a uniquely international perspective on how science, technology, and people can harmonize to improve healthcare outcomes.","Qua qu√° tr√¨nh s·ªëng v√† l√†m vi·ªác t·∫°i Vi·ªát Nam, √öc, New Zealand, Anh, v√† M·ªπ, t√¥i nh·∫≠n ƒë·ªãnh r·∫±ng s·ª± k·∫øt h·ª£p h√†i h√≤a gi·ªØa khoa h·ªçc, c√¥ng ngh·ªá v√† con ng∆∞·ªùi c√≥ th·ªÉ c·∫£i thi·ªán ch·∫•t l∆∞·ª£ng  y t·∫ø m·ªôt c√°ch m·∫°nh m·∫Ω.",
About,Paragraph 9,"HealthSyncX Co., Ltd was founded to bridge the gaps that exist across today's fragmented healthcare ecosystem. It was born from a simple yet powerful vision ‚Äî","HealthSyncX Co., Ltd ƒë∆∞·ª£c th√†nh l·∫≠p ƒë·ªÉ gi√∫p l·∫•p c√°c kho·∫£ng tr·ªëng ƒëang t·ªìn t·∫°i trong h·ªá sinh th√°i y t·∫ø ph√¢n m·∫£nh ng√†y nay. HealthSyncX ra ƒë·ªùi t·ª´ m·ªôt t·∫ßm nh√¨n ƒë∆°n gi·∫£n nh∆∞ng m·∫°nh m·∫Ω ‚Äî",
About,Text 6,"to synchronize technology, systems, workflows, and people for better healthcare everywhere","gi√∫p ƒë·ªìng b·ªô h√≥a c√¥ng ngh·ªá, h·ªá th·ªëng, quy tr√¨nh v√† con ng∆∞·ªùi ƒë·ªÉ mang l·∫°i d·ªãch v·ª• y t·∫ø t·ªët h∆°n cho m·ªçi n∆°i",
About,Paragraph 10,"For me, integration means more than linking devices or software; it's about connecting hearts, minds, and expertise across disciplines and borders to create healthcare solutions that are intelligent, collaborative, and human-centered.","ƒê·ªëi v·ªõi t√¥i, t√≠ch h·ª£p kh√¥ng ch·ªâ l√† li√™n k·∫øt c√°c thi·∫øt b·ªã ho·∫∑c ph·∫ßn m·ªÅm; m√† c√≤n l√† vi·ªác k·∫øt n·ªëi tr√°i tim, kh·ªëi √≥c ·ªü c√°c chuy√™n m√¥n ƒëa ng√†nh v√† xuy√™n bi√™n gi·ªõi ƒë·ªÉ t·∫°o ra c√°c gi·∫£i ph√°p y t·∫ø th√¥ng minh, tƒÉng c∆∞·ªùng h·ª£p t√°c v√† l·∫•y con ng∆∞·ªùi l√†m trung t√¢m.",
About,Paragraph 11,"My work combines deep technical knowledge, strategic leadership, and a holistic understanding of the healthcare ecosystem ‚Äî enabling HealthSyncX to design innovations that are not only cutting-edge but also practical, sustainable, and meaningful to the people who rely on them.","C√¥ng vi·ªác c·ªßa t√¥i k·∫øt h·ª£p ki·∫øn th·ª©c k·ªπ thu·∫≠t chuy√™n s√¢u, l√£nh ƒë·∫°o chi·∫øn l∆∞·ª£c v√† s·ª± hi·ªÉu bi·∫øt to√†n di·ªán v·ªÅ h·ªá sinh th√°i y t·∫ø ‚Äî gi√∫p HealthSyncX thi·∫øt k·∫ø v√† tri·ªÉn khai c√°c s√°ng t·∫°o ƒë·ªïi m·ªõi kh√¥ng ch·ªâ ti√™n ti·∫øn m√† c√≤n th·ª±c t·∫ø, b·ªÅn v·ªØng v√† c√≥ √Ω nghƒ©a cho m·ªçi ng∆∞·ªùi.",
About,Heading 37,Core Expertise,Chuy√™n m√¥n,
About,Heading 38,Systems Integration,T√≠ch h·ª£p h·ªá th·ªëng,
About,Heading 39,Medical Imaging,H√¨nh ·∫£nh y khoa,
About,Heading 40,Healthcare IT,C√¥ng ngh·ªá th√¥ng tin y t·∫ø,
About,Heading 41,Technical Consultancy,T∆∞ v·∫•n k·ªπ thu·∫≠t,
About,Heading 42,Research Collaboration,H·ª£p t√°c nghi√™n c·ª©u,
,,,,
People,Heading 2,Core Team,ƒê·ªôi ng≈© ch√≠nh,
People,Paragraph,"Our dedicated team brings together expertise in biomedical engineering, healthcare IT, and systems integration.","ƒê·ªôi ng≈© chuy√™n gia c·ªßa ch√∫ng t√¥i k·∫øt h·ª£p ki·∫øn th·ª©c v·ªÅ k·ªπ thu·∫≠t y sinh, CNTT y t·∫ø v√† t√≠ch h·ª£p h·ªá th·ªëng ƒë·ªÉ mang ƒë·∫øn nh·ªØng gi·∫£i ph√°p to√†n di·ªán, hi·ªáu qu·∫£ v√† ph√π h·ª£p v·ªõi t·ª´ng kh√°ch h√†ng.",
People,Heading 3,Strategic Partners,ƒê·ªëi t√°c chi·∫øn l∆∞·ª£c,
People,Paragraph 2,"We collaborate with leading technology providers, healthcare organizations, and research institutions across the Asia-Pacific region.","Ch√∫ng t√¥i h·ª£p t√°c c√πng c√°c nh√† cung c·∫•p c√¥ng ngh·ªá, t·ªï ch·ª©c y t·∫ø v√† c∆° s·ªü nghi√™n c·ª©u h√†ng ƒë·∫ßu trong khu v·ª±c Ch√¢u √Å ‚Äì Th√°i B√¨nh D∆∞∆°ng ƒë·ªÉ c√πng mang chuy√™n m√¥n to√†n c·∫ßu ƒë·∫øn c√°c th·ªã tr∆∞·ªùng ƒë·ªãa ph∆∞∆°ng.",
People,Heading 4,Advisory Board,Ban c·ªë v·∫•n,
People,Paragraph 3,"Our advisors provide strategic guidance across healthcare innovation, regulatory compliance, and market expansion.","C√°c nh√† l√£nh ƒë·∫°o ng√†nh, gi√°m ƒë·ªëc y t·∫ø v√† chuy√™n gia c√¥ng ngh·ªá c·ªßa ch√∫ng t√¥i ƒë√≥ng vai tr√≤ c·ªë v·∫•n chi·∫øn l∆∞·ª£c, gi√∫p HealthSyncX lu√¥n b·∫Øt nh·ªãp v·ªõi xu h∆∞·ªõng ƒë·ªïi m·ªõi, y√™u c·∫ßu ph√°p l√Ω v√† nhu c·∫ßu th·ªã tr∆∞·ªùng.",
People,Heading 5,Research Collaborators,ƒê·ªëi t√°c nghi√™n c·ª©u,
People,Paragraph 4,We work closely with universities and research centers to advance healthcare technology integration and innovation.,Ch√∫ng t√¥i h·ª£p t√°c ch·∫∑t ch·∫Ω v·ªõi c√°c tr∆∞·ªùng ƒë·∫°i h·ªçc v√† trung t√¢m nghi√™n c·ª©u trong khu v·ª±c APAC ƒë·ªÉ th√∫c ƒë·∫©y ph√°t tri·ªÉn c√¥ng ngh·ªá y t·∫ø v√† c√°c s√°ng ki·∫øn ƒë·ªïi m·ªõi.,
People,Heading 6,Join Our Network,Tham gia v√†o m·∫°ng l∆∞·ªõi k·∫øt n·ªëi c·ªßa HealthSyncX,
People,Paragraph 5,"We're always looking for talented professionals, strategic partners, and research collaborators to join our mission of transforming healthcare through people-first systems integration.","HealthSyncX lu√¥n ch√†o ƒë√≥n c√°c chuy√™n gia, ƒë·ªëi t√°c chi·∫øn l∆∞·ª£c v√† c·ªông t√°c vi√™n nghi√™n c·ª©u c√πng chung s·ª© m·ªánh ƒë·ªïi m·ªõi h·ªá th·ªëng y t·∫ø th√¥ng qua m√¥ h√¨nh t√≠ch h·ª£p l·∫•y con ng∆∞·ªùi l√†m trung t√¢m.",
People,Heading 7,Get in Touch,Li√™n h·ªá,
People,Heading 8,Partner With Us,H·ª£p t√°c,
,,,,
Contact,Heading,Send us a message,G·ª≠i tin nh·∫Øn cho ch√∫ng t√¥i,
Contact,Heading 2,Name *,H·ªç v√† t√™n *,
Contact,Heading 3,Email *,Email *,
Contact,Heading 4,Organization *,T·ªï ch·ª©c *,
Contact,Heading 5,Phone *,ƒêi·ªán tho·∫°i *,
Contact,Heading 6,Website (optional),Website (n·∫øu c√≥),
Contact,Heading 7,Message *,N·ªôi dung tin nh·∫Øn *,
Contact,Paragraph,I consent to HealthSyncX using my submitted information to respond to my inquiry,T√¥i ƒë·ªìng √Ω ƒë·ªÉ HealthSyncX s·ª≠ d·ª•ng th√¥ng tin t√¥i cung c·∫•p ƒë·ªÉ li√™n h·ªá v√† ph·∫£n h·ªìi y√™u c·∫ßu c·ªßa t√¥i.,
Contact,Heading 8,Send Message,G·ª≠i tin nh·∫Øn,
Contact,Heading 9,Contact Information,Th√¥ng tin li√™n h·ªá,
Contact,Heading 10,Email,Email,
Contact,Button/Link,contact@healthsyncx.org,contact@healthsyncx.org,
Contact,Heading 11,Location,ƒê·ªãa ƒëi·ªÉm,
Contact,Heading 12,Vietnam,Vi·ªát Nam,
Contact,Heading 13,New Zealand,New Zealand,
Contact,Heading 14,Free 30-minute consultation,30 ph√∫t t∆∞ v·∫•n mi·ªÖn ph√≠,
Contact,Text,Book a free 30-minute consultation to discuss your systems integration needs.,ƒêƒÉng k√Ω t∆∞ v·∫•n mi·ªÖn ph√≠ 30 ph√∫t ƒë·ªÉ trao ƒë·ªïi v·ªÅ nhu c·∫ßu t√≠ch h·ª£p h·ªá th·ªëng c·ªßa b·∫°n.,
Contact,Heading 15,Response time: Within 24 hours,Th·ªùi gian ph·∫£n h·ªìi: trong v√≤ng 24 gi·ªù,
,,,,
Privacy,Heading,Privacy Policy,Ch√≠nh s√°ch b·∫£o m·∫≠t,
Privacy,Heading 2,Your privacy is important to us,Ch√∫ng t√¥i lu√¥n coi tr·ªçng quy·ªÅn ri√™ng t∆∞ c·ªßa b·∫°n.,
Privacy,Heading 3,Last updated:,C·∫≠p nh·∫≠t l·∫ßn cu·ªëi:,
Privacy,Heading 4,Introduction,Gi·ªõi thi·ªáu,
Privacy,Paragraph,"HealthSyncX Co., Ltd is a Vietnam-registered company operating in Vietnam and collaborating in New Zealand and other Asia-Pacific regions. This Privacy Policy explains how we collect, use, and protect personal information on our website.","C√¥ng ty TNHH HealthSyncX ƒë∆∞·ª£c ƒëƒÉng k√Ω t·∫°i Vi·ªát Nam, ho·∫°t ƒë·ªông t·∫°i Vi·ªát Nam v√† h·ª£p t√°c v·ªõi c√°c ƒë·ªëi t√°c t·∫°i New Zealand c√πng nhi·ªÅu qu·ªëc gia trong khu v·ª±c Ch√¢u √Å ‚Äì Th√°i B√¨nh D∆∞∆°ng. Ch√≠nh s√°ch n√†y gi·∫£i th√≠ch c√°ch ch√∫ng t√¥i thu th·∫≠p, s·ª≠ d·ª•ng v√† b·∫£o v·ªá th√¥ng tin c√° nh√¢n tr√™n trang web c·ªßa m√¨nh.",
Privacy,Heading 5,Information We Collect,Th√¥ng tin ch√∫ng t√¥i thu th·∫≠p,
Privacy,Paragraph 2,"We may collect information such as your name, company, email, phone number, and message details when you contact us. We also collect non-personal data such as browser type, IP address, and cookies for website analytics.","Khi b·∫°n li√™n h·ªá v·ªõi ch√∫ng t√¥i, ch√∫ng t√¥i c√≥ th·ªÉ thu th·∫≠p th√¥ng tin nh∆∞ h·ªç t√™n, c√¥ng ty, email, s·ªë ƒëi·ªán tho·∫°i v√† n·ªôi dung tin nh·∫Øn. Ngo√†i ra, m·ªôt s·ªë d·ªØ li·ªáu phi c√° nh√¢n nh∆∞ lo·∫°i tr√¨nh duy·ªát, ƒë·ªãa ch·ªâ IP v√† cookie c≈©ng c√≥ th·ªÉ ƒë∆∞·ª£c thu th·∫≠p ƒë·ªÉ ph√¢n t√≠ch ho·∫°t ƒë·ªông c·ªßa trang web.",
Privacy,Heading 6,How We Use Information,M·ª•c ƒë√≠ch s·ª≠ d·ª•ng th√¥ng tin,
Privacy,Paragraph 3,"We use this information to respond to inquiries, improve our website, and comply with applicable laws. Data is never sold or shared for marketing purposes without consent.","Th√¥ng tin ƒë∆∞·ª£c s·ª≠ d·ª•ng ƒë·ªÉ ph·∫£n h·ªìi y√™u c·∫ßu c·ªßa ng∆∞·ªùi g·ª≠i, c·∫£i thi·ªán tr·∫£i nghi·ªám trang web v√† tu√¢n th·ªß c√°c quy ƒë·ªãnh ph√°p lu·∫≠t. Ch√∫ng t√¥i cam k·∫øt kh√¥ng b√°n ho·∫∑c chia s·∫ª d·ªØ li·ªáu cho m·ª•c ƒë√≠ch ti·∫øp th·ªã n·∫øu ch∆∞a c√≥ s·ª± ƒë·ªìng √Ω c·ªßa b·∫°n.",
Privacy,Heading 7,Data Storage and Security,L∆∞u tr·ªØ v√† b·∫£o m·∫≠t d·ªØ li·ªáu,
Privacy,Paragraph 4,Your data is securely stored using encrypted hosting and limited internal access. We retain data only as long as necessary for our business or legal obligations.,D·ªØ li·ªáu c·ªßa ng∆∞·ªùi g·ª≠i ƒë∆∞·ª£c l∆∞u tr·ªØ an to√†n tr√™n h·ªá th·ªëng m√£ h√≥a v√† ch·ªâ nh·ªØng nh√¢n s·ª± ƒë∆∞·ª£c ·ªßy quy·ªÅn m·ªõi c√≥ quy·ªÅn truy c·∫≠p. Ch√∫ng t√¥i ch·ªâ l∆∞u gi·ªØ d·ªØ li·ªáu trong th·ªùi gian c·∫ßn thi·∫øt ƒë·ªÉ ph·ª•c v·ª• ho·∫°t ƒë·ªông c·ªßa HealthSyncX ho·∫∑c y√™u c·∫ßu ph√°p l√Ω.,
Privacy,Heading 8,International Scope,Ph·∫°m vi qu·ªëc t·∫ø,
Privacy,Paragraph 5,"While HealthSyncX collaborates with partners in New Zealand, all personal data collected via this website is processed under Vietnamese law. When applicable, New Zealand privacy principles will also be respected.","M·∫∑c d√π HealthSyncX h·ª£p t√°c v·ªõi c√°c ƒë·ªëi t√°c t·∫°i New Zealand, c√°c d·ªØ li·ªáu c√° nh√¢n thu th·∫≠p qua trang web n√†y ƒë·ªÅu ƒë∆∞·ª£c x·ª≠ l√Ω theo quy ƒë·ªãnh c·ªßa ph√°p lu·∫≠t Vi·ªát Nam. Trong nh·ªØng tr∆∞·ªùng h·ª£p c·∫ßn thi·∫øt, c√°c nguy√™n t·∫Øc b·∫£o m·∫≠t c·ªßa New Zealand c≈©ng s·∫Ω ƒë∆∞·ª£c √°p d·ª•ng.",
Privacy,Heading 9,User Rights,Quy·ªÅn c·ªßa ng∆∞·ªùi d√πng,
Privacy,Paragraph 6,"You have the right to request access, correction, or deletion of your personal data. Please contact us if you wish to exercise these rights.","B·∫°n c√≥ quy·ªÅn y√™u c·∫ßu truy c·∫≠p, ch·ªânh s·ª≠a ho·∫∑c x√≥a d·ªØ li·ªáu c√° nh√¢n c·ªßa m√¨nh. Vui l√≤ng li√™n h·ªá v·ªõi ch√∫ng t√¥i n·∫øu b·∫°n mu·ªën th·ª±c hi·ªán c√°c quy·ªÅn n√†y.",
Privacy,Heading 10,Policy Updates,C·∫≠p nh·∫≠t ch√≠nh s√°ch,
Privacy,Paragraph 7,We may update this Privacy Policy periodically. Any changes will be posted on this page with an updated date.,Ch√≠nh s√°ch b·∫£o m·∫≠t c√≥ th·ªÉ ƒë∆∞·ª£c c·∫≠p nh·∫≠t ƒë·ªãnh k·ª≥. M·ªçi thay ƒë·ªïi s·∫Ω ƒë∆∞·ª£c th√¥ng b√°o tr√™n trang n√†y c√πng ng√†y c·∫≠p nh·∫≠t m·ªõi nh·∫•t.,
Privacy,Heading 11,Contact Information,Th√¥ng tin li√™n h·ªá,
Privacy,Button/Link,"If you have questions about this Privacy Policy, please contact us at","N·∫øu b·∫°n c√≥ c√¢u h·ªèi v·ªÅ ch√≠nh s√°ch b·∫£o m·∫≠t n√†y, vui l√≤ng li√™n h·ªá v·ªõi ch√∫ng t√¥i qua ƒë·ªãa ch·ªâ email:",
Privacy,Button/Link 2,contact@healthsyncx.org,contact@healthsyncx.org,
,,,,
Terms,Heading,Terms & Conditions,ƒêi·ªÅu kho·∫£n & ƒëi·ªÅu ki·ªán,
Terms,Heading 2,Legal terms governing the use of our services,C√°c ƒëi·ªÅu kho·∫£n ph√°p l√Ω ƒëi·ªÅu ch·ªânh vi·ªác s·ª≠ d·ª•ng d·ªãch v·ª• c·ªßa ch√∫ng t√¥i,
Terms,Heading 3,Last updated:,C·∫≠p nh·∫≠t l·∫ßn cu·ªëi:,
Terms,Heading 4,Acceptance of Terms,Ch·∫•p nh·∫≠n ƒëi·ªÅu kho·∫£n,
Terms,Text,"By accessing or using the website of HealthSyncX Co., Ltd, you agree to comply with these Terms and Conditions.","Khi truy c·∫≠p ho·∫∑c s·ª≠ d·ª•ng trang web c·ªßa C√¥ng ty TNHH HealthSyncX, anh/ch·ªã ƒë·ªìng √Ω v·ªõi vi·ªác ch·∫•p nh·∫≠n v√† tu√¢n th·ªß c√°c ƒëi·ªÅu kho·∫£n & ƒëi·ªÅu ki·ªán trong ch√≠nh s√°ch n√†y.",
Terms,Heading 5,Use of Website,S·ª≠ d·ª•ng trang web,
Terms,Text 2,"Users must not use this website for unlawful purposes, hacking, or unauthorized data extraction.","Ng∆∞·ªùi d√πng kh√¥ng ƒë∆∞·ª£c ph√©p s·ª≠ d·ª•ng trang web cho c√°c h√†nh vi vi ph·∫°m ph√°p lu·∫≠t, t·∫•n c√¥ng m·∫°ng ho·∫∑c tr√≠ch xu·∫•t d·ªØ li·ªáu tr√°i ph√©p.",
Terms,Heading 6,Intellectual Property,Quy·ªÅn s·ªü h·ªØu tr√≠ tu·ªá,
Terms,Paragraph,"All content, logos, and materials on this website belong to HealthSyncX Co., Ltd. Reproduction or distribution without consent is prohibited.","T·∫•t c·∫£ n·ªôi dung, logo v√† t√†i li·ªáu tr√™n trang web n√†y thu·ªôc quy·ªÅn s·ªü h·ªØu c·ªßa C√¥ng ty TNHH HealthSyncX. M·ªçi h√¨nh th·ª©c sao ch√©p ho·∫∑c ph√¢n ph·ªëi m√† kh√¥ng c√≥ s·ª± ƒë·ªìng √Ω b·∫±ng vƒÉn b·∫£n ƒë·ªÅu b·ªã nghi√™m c·∫•m.",
Terms,Heading 7,Disclaimer,Mi·ªÖn tr·ª´ tr√°ch nhi·ªám,
Terms,Paragraph 2,Information on this website is provided for general informational purposes and does not constitute professional or medical advice.,Th√¥ng tin tr√™n trang web ch·ªâ mang t√≠nh tham kh·∫£o chung v√† kh√¥ng ƒë∆∞·ª£c xem l√† l·ªùi khuy√™n chuy√™n m√¥n ho·∫∑c y t·∫ø.,
Terms,Heading 8,Links to Other Sites,Li√™n k·∫øt ƒë·∫øn trang kh√°c,
Terms,Paragraph 3,Our website may contain links to third-party sites. We are not responsible for their content or privacy practices.,Trang web c·ªßa ch√∫ng t√¥i c√≥ th·ªÉ bao g·ªìm li√™n k·∫øt ƒë∆∞·ªùng d·∫´n ƒë·∫øn c√°c trang c·ªßa b√™n th·ª© ba. HealthSyncX kh√¥ng ch·ªãu tr√°ch nhi·ªám v·ªÅ n·ªôi dung ho·∫∑c ch√≠nh s√°ch b·∫£o m·∫≠t c·ªßa c√°c trang ƒë√≥.,
Terms,Heading 9,Governing Law,Lu·∫≠t ƒëi·ªÅu ch·ªânh,
Terms,Paragraph 4,"These Terms are governed by the laws of the Socialist Republic of Vietnam. For collaborations in New Zealand, applicable local laws will also be observed when required.","C√°c ƒëi·ªÅu kho·∫£n n√†y ƒë∆∞·ª£c ƒëi·ªÅu ch·ªânh b·ªüi ph√°p lu·∫≠t c·ªßa n∆∞·ªõc C·ªông h√≤a X√£ h·ªôi Ch·ªß nghƒ©a Vi·ªát Nam. ƒê·ªëi v·ªõi c√°c ho·∫°t ƒë·ªông h·ª£p t√°c t·∫°i New Zealand, lu·∫≠t ph√°p ƒë·ªãa ph∆∞∆°ng s·∫Ω ƒë∆∞·ª£c tu√¢n th·ªß khi c·∫ßn thi·∫øt.",
Terms,Heading 10,Contact Information,Th√¥ng tin li√™n h·ªá,
Terms,Button/Link,"If you have questions about these Terms & Conditions, please contact us at","N·∫øu b·∫°n c√≥ c√¢u h·ªèi v·ªÅ c√°c ƒëi·ªÅu kho·∫£n v√† ƒëi·ªÅu ki·ªán n√†y, vui l√≤ng li√™n h·ªá v·ªõi ch√∫ng t√¥i qua ƒë·ªãa ch·ªâ email:",
Terms,Button/Link 2,contact@healthsyncx.org,contact@healthsyncx.org,
