"Page","Section","Type","English Text","Vietnamese Text"
"Home Page","SEO","Page Title","Home","Trang chủ"
"Home Page","SEO","Meta Description","HealthSyncX - People-first Systems Integration Consultancy for Healthcare, Beauty Tech, and diverse industries. Expert technology integration serving Vietnam & APAC Region.","HealthSyncX - Tư vấn Tích hợp Hệ thống Lấy Con người Làm trung tâm cho Y tế, Công nghệ Làm đẹp và các ngành công nghiệp đa dạng. Tích hợp công nghệ chuyên gia phục vụ Việt Nam & Khu vực APAC."
"Home Page","People-first Systems Integration Consultancy","H1","People-first Systems Integration Consultancy","Tư vấn tích hợp hệ thống với trọng tâm là con người"
"Home Page","People-first Systems Integration Consultancy","Link","Free 30-Minute Strategy Session","Đăng ký 30 phút tư vấn miễn phí"
"Home Page","People-first Systems Integration Consultancy","Link","View All Services","Xem tất cả dịch vụ"
"Home Page","People-first Systems Integration Consultancy","Paragraph","Transform your operations with seamless technology integration that puts people at the center. Expert guidance for healthcare, beauty tech, and diverse industry sectors.","Chuyển đổi hoạt động doanh nghiệp với các giải pháp tích hợp công nghệ linh hoạt, lấy con người làm trung tâm. HealthSyncX mang đến chuyên môn sâu trong lĩnh vực y tế, công nghệ làm đẹp và nhiều ngành khác."
"Home Page","Common Challenges Our Clients Face","H2","Common Challenges Our Clients Face","Những thách thức mà khách hàng thường gặp"
"Home Page","Common Challenges Our Clients Face","H3","Disconnected Systems","Hệ thống rời rạc, thiếu kết nối"
"Home Page","Common Challenges Our Clients Face","H3","Unclear Return on Investment","Hiệu quả đầu tư khó đo lường"
"Home Page","Common Challenges Our Clients Face","H3","Workflow Friction","Quy trình vận hành thiếu mượt mà"
"Home Page","Common Challenges Our Clients Face","H3","Security & Compliance Risks","Rủi ro về bảo mật và tuân thủ quy định"
"Home Page","Common Challenges Our Clients Face","H3","Resistance to Change","Tâm lý ngại thay đổi công nghệ"
"Home Page","Common Challenges Our Clients Face","H3","Vendor Lock-In","Phụ thuộc vào nhà cung cấp"
"Home Page","Common Challenges Our Clients Face","Paragraph","Critical data trapped in legacy tools that don't communicate.","Dữ liệu quan trọng bị giới hạn bởi các hệ thống cũ, không thể chia sẻ qua lại."
"Home Page","Common Challenges Our Clients Face","Paragraph","Technology investments that look good on paper but never deliver measurable returns.","Đầu tư công nghệ trông có vẻ hiệu quả nhưng lại khó chứng minh được giá trị thực tế."
"Home Page","Common Challenges Our Clients Face","Paragraph","New systems that disrupt how people actually work.","Hệ thống mới khiến nhân viên khó thích nghi và làm gián đoạn quy trình làm việc."
"Home Page","Common Challenges Our Clients Face","Paragraph","Mounting regulatory pressure, from international to local data rules.","Áp lực từ các quy định trong nước và quốc tế ngày càng cao."
"Home Page","Common Challenges Our Clients Face","Paragraph","Teams overwhelmed by too many tools, too little training.","Nhân viên bị quá tải vì có quá nhiều công cụ nhưng lại thiếu hướng dẫn và đào tạo."
"Home Page","Common Challenges Our Clients Face","Paragraph","Locked into systems that limit flexibility and innovation.","Bị ràng buộc về hệ thống với nhà cung cấp cũ nên thiếu linh hoạt, khó đổi mới."
"Home Page","Who We Support","H2","Who We Support","Đối tượng khách hàng của chúng tôi"
"Home Page","Who We Support","H3","Small and Mid-Sized Businesses","Doanh nghiệp vừa và nhỏ"
"Home Page","Who We Support","H3","Large Enterprises","Doanh nghiệp lớn"
"Home Page","Who We Support","H3","Industry Leaders and Innovators","Các lãnh đạo ngành và đơn vị sáng chế"
"Home Page","Who We Support","Paragraph","Whether you're a small business taking your first steps toward digital transformation or a large enterprise managing complex multi-system environments, HealthSyncX helps you move forward with confidence.","Dù bạn là doanh nghiệp nhỏ mới bắt đầu hành trình chuyển đổi số hay tập đoàn lớn đang vận hành nhiều hệ thống phức tạp, HealthSyncX sẽ đồng hành giúp bạn tiến bước vững chắc."
"Home Page","Who We Support","Paragraph","You want modern tools that simplify operations without draining budgets or disrupting daily work.","Bạn cần các công cụ hiện đại giúp đơn giản hóa quy trình vận hành mà vẫn tiết kiệm chi phí và không ảnh hưởng đến công việc hàng ngày."
"Home Page","Who We Support","Paragraph","HealthSyncX delivers scalable, right-sized integration — connecting your devices, data, and workflows so you can compete like a larger player while staying agile and cost-efficient.","HealthSyncX mang đến giải pháp tích hợp phù hợp với quy mô của bạn — kết nối thiết bị, dữ liệu và quy trình để doanh nghiệp vận hành linh hoạt, hiệu quả và đủ sức cạnh tranh với các đối thủ lớn hơn."
"Home Page","Who We Support","Paragraph","You face the opposite problems: too many systems, too much data, and teams that don't always align.","Doanh nghiệp của bạn thường gặp các vấn đề ngược lại: có quá nhiều hệ thống, dữ liệu phân tán và các bộ phận khó phối hợp đồng bộ."
"Home Page","Who We Support","Paragraph","We help unify legacy and modern platforms, improve interoperability across departments, and create visibility and compliance without slowing innovation.","Chúng tôi giúp đồng bộ hệ thống cũ và mới, tăng khả năng kết nối giữa các phòng ban, đảm bảo minh bạch và tuân thủ quy định mà vẫn giữ nhịp đổi mới."
"Home Page","Who We Support","Paragraph","If you build the technologies others depend on — from medical devices to educational platforms — HealthSyncX can be your local integration and deployment partner in Vietnam and across the Asia-Pacific.","Nếu bạn phát triển các giải pháp công nghệ mà nhiều người cần — từ thiết bị y tế đến nền tảng giáo dục — HealthSyncX là đối tác tích hợp và triển khai đáng tin cậy của bạn tại Việt Nam và khu vực Châu Á – Thái Bình Dương."
"Home Page","Who We Support","Paragraph","We ensure your solutions reach real-world users efficiently, securely, and at scale.","Chúng tôi giúp giải pháp của bạn được triển khai đến người dùng thực tế một cách an toàn, hiệu quả và có thể mở rộng."
"Home Page","Why Choose Us?","H2","Why Choose Us?","Vì sao chọn HealthSyncX?"
"Home Page","Why Choose Us?","Paragraph","Integration that Delivers Measurable Results","Giải pháp tích hợp mang lại giá trị thực, có thể đo lường"
"Home Page","Why Choose Us?","Paragraph","At HealthSyncX, integration isn't just about connecting systems — it's about unlocking measurable value across every part of your business:","Với HealthSyncX, tích hợp không chỉ là kết nối hệ thống — mà còn để mang lại giá trị thực ở nhiều mặt cho doanh nghiệp của bạn."
"Home Page","Why Choose Us?","Paragraph","→ Data backed by independent industry studies across healthcare, manufacturing, education, finance, and hospitality sectors.","→ Các số liệu được chứng minh qua nghiên cứu độc lập trong các ngành y tế, sản xuất, giáo dục, tài chính và dịch vụ khách hàng."
"Home Page","Why Choose Us?","Text","3.2x","Đem lại lợi nhuận gấp"
"Home Page","Why Choose Us?","Text","Return on Investment for each","3,2 lần"
"Home Page","Why Choose Us?","Text","invested in interoperability and workflow integration.","cho mỗi"
"Home Page","Why Choose Us?","Text","25 – 35%","1 USD"
"Home Page","Why Choose Us?","Text","average operational cost reduction within 18 months.","đầu tư vào tích hợp và tối ưu quy trình."
"Home Page","Why Choose Us?","Text","45%","Giảm trung bình"
"Home Page","Why Choose Us?","Text","time savings in documentation and repetitive tasks.","25 – 35%"
"Home Page","Why Choose Us?","Text","50%","chi phí vận hành chỉ sau 18 tháng."
"Home Page","Why Choose Us?","Text","lower support costs by avoiding vendor lock-in.","Tiết kiệm"
"Home Page","Why Choose Us?","Text","61.7%","45%"
"Home Page","Why Choose Us?","Text","shorter hospital stays through optimized patient flow.","thời gian cho các công việc hành chính và thao tác lặp lại."
"Home Page","Why Choose Us?","Text","75%","Cắt giảm"
"Home Page","Why Choose Us?","Text","fewer no-shows with integrated communication tools.","50%"
"Home Page","Why Choose Us?","Text","20%","chi phí hỗ trợ nhờ tránh bị phụ thuộc nhà cung cấp."
"Home Page","Why Choose Us?","Text","higher profitability &","Rút ngắn"
"Home Page","Why Choose Us?","Text","25%","61,7%"
"Home Page","Why Choose Us?","Text","higher productivity in manufacturing and logistics.","thời gian nằm viện nhờ quy trình cho bệnh nhân được tối ưu hóa."
"Home Page","Why Choose Us?","Text","Up to","Giảm"
"Home Page","Why Choose Us?","Text","40%","75%"
"Home Page","Why Choose Us?","Text","administrative cost reduction in education via workflow automation.","số ca hẹn bị bỏ lỡ nhờ hệ thống liên lạc được kết nối đồng bộ."
"Home Page","Why Choose Us?","Text","annual savings per financial institution through connected systems.","Tăng"
"Home Page","Why Choose Us?","Text","57%","20%"
"Home Page","Why Choose Us?","Text","of hotels report revenue growth and","lợi nhuận và"
"Home Page","Why Choose Us?","Text","93%","25%"
"Home Page","Why Choose Us?","Text","improved operations after digital integration.","năng suất trong lĩnh vực sản xuất và cung ứng."
"Home Page","Why Choose Us?","Text","","Giảm đến"
"Home Page","Why Choose Us?","Text","","40%"
"Home Page","Why Choose Us?","Text","","chi phí hành chính trong giáo dục thông qua tự động hóa quy trình."
"Home Page","Why Choose Us?","Text","","Mỗi tổ chức tài chính có thể tiết kiệm từ"
"Home Page","Why Choose Us?","Text","","500.000 đến 1,3 triệu USD"
"Home Page","Why Choose Us?","Text","","mỗi năm nhờ hệ thống được kết nối hiệu quả."
"Home Page","Why Choose Us?","Text","","57%"
"Home Page","Why Choose Us?","Text","","khách sạn ghi nhận doanh thu tăng và"
"Home Page","Why Choose Us?","Text","","93%"
"Home Page","Why Choose Us?","Text","","cải thiện hiệu suất vận hành sau khi triển khai tích hợp số."
"Home Page","What is People-First Systems Integration?","H2","What is People-First Systems Integration?","Tích hợp hệ thống với trọng tâm là con người là gì?"
"Home Page","What is People-First Systems Integration?","H3","Hardware & Devices","Phần cứng và thiết bị"
"Home Page","What is People-First Systems Integration?","H3","Software & Digital Solutions","Phần mềm và giải pháp số"
"Home Page","What is People-First Systems Integration?","H3","Networks & Cybersecurity","Mạng và bảo mật"
"Home Page","What is People-First Systems Integration?","H3","Workflows & Processes","Quy trình và luồng công việc"
"Home Page","What is People-First Systems Integration?","H3","People - The Heart of Integration","Con người – Trái tim của quá trình tích hợp"
"Home Page","What is People-First Systems Integration?","H3","Why People-First Matters","Vì sao việc lấy con người làm trọng tâm lại quan trọng?"
"Home Page","What is People-First Systems Integration?","Paragraph","At HealthSyncX, we believe systems integration is more than just connecting technologies. True integration requires a holistic approach that puts people at the center of every solution.","Tại HealthSyncX, chúng tôi tin rằng tích hợp hệ thống không chỉ đơn thuần là kết nối công nghệ. Sự tích hợp thực sự đòi hỏi một cách tiếp cận toàn diện, nơi con người luôn là trọng tâm của mọi giải pháp."
"Home Page","What is People-First Systems Integration?","Paragraph","Medical devices, IoT sensors, equipment, and physical infrastructure","Thiết bị y tế, cảm biến IoT, máy móc và hạ tầng vật lý"
"Home Page","What is People-First Systems Integration?","Paragraph","EMR/EHR systems, PACS, management platforms, and applications","Hệ thống EMR/EHR, PACS, nền tảng quản lý và các ứng dụng hỗ trợ"
"Home Page","What is People-First Systems Integration?","Paragraph","Secure connectivity, data protection, and infrastructure","Kết nối an toàn, bảo vệ dữ liệu và hạ tầng mạng đáng tin cậy"
"Home Page","What is People-First Systems Integration?","Paragraph","Optimized processes that fit organizational culture and needs","Quy trình được tối ưu để phù hợp với văn hóa và nhu cầu thực tế của tổ chức"
"Home Page","What is People-First Systems Integration?","Paragraph","Technology adoption readiness, comprehensive user training, ongoing support, and change management","Sự sẵn sàng cho việc áp dụng công nghệ, chương trình đào tạo toàn diện, hỗ trợ liên tục và quản lý thay đổi hiệu quả"
"Home Page","What is People-First Systems Integration?","Paragraph","The most sophisticated technology integration will fail without considering the people who will use it.","Dù công nghệ có tiên tiến đến đâu, việc tích hợp sẽ thất bại nếu không tính đến những người trực tiếp sử dụng nó."
"Home Page","What is People-First Systems Integration?","Paragraph","HealthSyncX assesses user readiness, designs intuitive workflows, provides comprehensive training, and ensures ongoing support - because successful integration means successful adoption.","HealthSyncX đánh giá mức độ sẵn sàng của người dùng, thiết kế quy trình trực quan, cung cấp đào tạo toàn diện và hỗ trợ liên tục – vì chúng tôi hiểu rằng tích hợp hiệu quả chỉ xảy ra khi người dùng thật sự chấp nhận và sử dụng thành công."
"Home Page","Our Core Services","H2","Our Core Services","Các dịch vụ chính"
"Home Page","Our Core Services","H3","Holistic Systems Integration","Tích hợp hệ thống toàn diện"
"Home Page","Our Core Services","H3","Workflow Optimization","Tối ưu hóa quy trình"
"Home Page","Our Core Services","H3","Training & Capacity Building","Đào tạo và phát triển năng lực"
"Home Page","Our Core Services","H3","Product Development","Phát triển sản phẩm"
"Home Page","Our Core Services","Link","Learn More →","Tìm hiểu thêm →"
"Home Page","Our Core Services","Link","Learn More →","Tìm hiểu thêm →"
"Home Page","Our Core Services","Link","Learn More →","Tìm hiểu thêm →"
"Home Page","Our Core Services","Link","Learn More →","Tìm hiểu thêm →"
"Home Page","Our Core Services","Paragraph","People-centered consultancy services designed to help you navigate technology challenges and opportunities","Dịch vụ tư vấn lấy con người làm trung tâm, giúp doanh nghiệp giải quyết thách thức và tận dụng cơ hội công nghệ."
"Home Page","Our Core Services","Paragraph","Comprehensive integration planning that encompasses hardware, software, networks, workflows, AND people - ensuring adoption success through training and support.","Lập kế hoạch tích hợp toàn diện bao gồm phần cứng, phần mềm, mạng lưới, quy trình và cả con người – đảm bảo việc triển khai hiệu quả nhờ đào tạo và hỗ trợ sát sao."
"Home Page","Our Core Services","Paragraph","Process analysis and redesign that respects organizational culture while introducing efficiency improvements. We optimize for both technology and people.","Phân tích và cải tiến quy trình dựa trên văn hóa tổ chức, mang lại hiệu quả cao hơn. Chúng tôi thực hiện tối ưu hóa cho cả công nghệ lẫn yếu tố con người."
"Home Page","Our Core Services","Paragraph","Comprehensive user training, adoption support, and capacity building to ensure your team can effectively use and maintain integrated systems.","Chương trình đào tạo người dùng toàn diện, hỗ trợ áp dụng thực tế và phát triển năng lực để đội ngũ của bạn sử dụng và vận hành hệ thống tích hợp một cách hiệu quả."
"Home Page","Our Core Services","Paragraph","Partnering with healthcare innovators to transform ideas into market-ready solutions through comprehensive product development support, from concept validation to market entry.","Hợp tác với các chuyên gia đổi mới trong lĩnh vực y tế để biến ý tưởng thành sản phẩm sẵn sàng ra thị trường, với hỗ trợ trọn gói từ giai đoạn kiểm chứng ý tưởng đến thương mại hóa."
"Home Page","Our Core Services","Span","Focus Area","Lĩnh vực trọng điểm"
"Home Page","Healthcare Expertise","H2","Healthcare Expertise","Chuyên môn trong ngành y tế"
"Home Page","Healthcare Expertise","H4","Enhanced Patient Care","Nâng cao chất lượng chăm sóc bệnh nhân"
"Home Page","Healthcare Expertise","H4","Security & Compliance","Bảo mật và tuân thủ quy định"
"Home Page","Healthcare Expertise","H4","Digital Transformation","Chuyển đổi số"
"Home Page","Healthcare Expertise","Paragraph","With a background in medical imaging and healthcare technology, we bring specialized knowledge to integration challenges. Our people-first consultancy helps you navigate the complexities of medical device connectivity, patient data management, and regulatory compliance while ensuring clinical staff are prepared and supported.","Với nền tảng chuyên sâu về hình ảnh y khoa và công nghệ y tế, chúng tôi mang đến kiến thức thực tiễn để giải quyết các thách thức trong quá trình tích hợp. Cách tiếp cận “lấy con người làm trung tâm” giúp bạn xử lý tốt việc kết nối thiết bị, quản lý dữ liệu bệnh nhân và tuân thủ quy định, đồng thời bảo đảm đội ngũ y tế được hỗ trợ đầy đủ."
"Home Page","Healthcare Expertise","Paragraph","Streamline operations and improve efficiency while ensuring clinical staff can focus on patient care, not technology struggles.","Đơn giản hóa quy trình vận hành và tăng hiệu quả làm việc, giúp nhân viên y tế tập trung hơn vào việc chăm sóc bệnh nhân thay vì phải loay hoay với công nghệ."
"Home Page","Healthcare Expertise","Paragraph","Ensure robust security and compliance with local and international laws, regulations, and industry standards.","Đảm bảo hệ thống luôn an toàn và tuân thủ các tiêu chuẩn, quy định của ngành ở cả trong nước và quốc tế."
"Home Page","Healthcare Expertise","Paragraph","Accelerate digital transformation with user-centered implementation that ensures clinical staff adoption and satisfaction.","Đẩy nhanh quá trình chuyển đổi số với phương pháp triển khai lấy người dùng làm trung tâm, giúp đội ngũ y tế dễ dàng tiếp nhận và hài lòng khi sử dụng."
"Home Page","Industries We Serve","H2","Industries We Serve","Các lĩnh vực chúng tôi phục vụ"
"Home Page","Industries We Serve","H3","Healthcare","Y tế"
"Home Page","Industries We Serve","H3","Beauty Tech","Công nghệ làm đẹp"
"Home Page","Industries We Serve","H3","Other Industries","Các ngành khác"
"Home Page","Industries We Serve","Paragraph","Specialized healthcare expertise with proven solutions across diverse sectors","Kinh nghiệm chuyên sâu trong lĩnh vực y tế cùng các giải pháp đã được kiểm chứng ở nhiều ngành nghề khác nhau"
"Home Page","Industries We Serve","Paragraph","Specialized medical device integration, EMR/EHR systems, and clinical workflow optimization","Tích hợp thiết bị y tế chuyên dụng, hệ thống EMR/EHR và tối ưu hóa quy trình lâm sàng"
"Home Page","Industries We Serve","Paragraph","Digital transformation and quality systems for beauty and personal care clinics","Giải pháp chuyển đổi số và hệ thống quản lý chất lượng cho các phòng khám và trung tâm chăm sóc sắc đẹp"
"Home Page","Industries We Serve","Paragraph","Custom integration solutions for education, manufacturing, finance, retail, logistics, hospitality, and other diverse sectors","Giải pháp tích hợp tùy chỉnh cho các ngành giáo dục, sản xuất, tài chính, bán lẻ, cung ứng, khách sạn và nhiều lĩnh vực khác"
"Home Page","Free 30-Minute Strategy Session","H2","Free 30-Minute Strategy Session","Đăng ký 30 phút tư vấn miễn phí"
"Home Page","Free 30-Minute Strategy Session","Link","Book Your Free Session","Đặt lịch tư vấn miễn phí"
"Home Page","Free 30-Minute Strategy Session","Paragraph","Explore your technology integration challenges with our expert. Get preliminary feedback and actionable insights - no commitment required.","Cùng chuyên gia của chúng tôi trao đổi về những thách thức trong việc tích hợp công nghệ của bạn. Nhận phản hồi nhanh và gợi ý giải pháp thực tế – hoàn toàn miễn phí, không ràng buộc."
"About Us","SEO","Page Title","About Us","Về chúng tôi"
"About Us","SEO","Meta Description","Learn about HealthSyncX","Tìm hiểu về tầm nhìn, sứ mệnh và câu chuyện của HealthSyncX. Xây dựng tương lai thông qua tư vấn chuyên gia về tích hợp hệ thống và hợp tác."
"About Us","Our Vision","H2","Our Vision","Sứ mệnh"
"About Us","Our Vision","Paragraph","To create a world where healthcare ecosystems are seamlessly connected — where technology, data, and human collaboration work in harmony to deliver smarter, more efficient, more equitable, and compassionate care for everyone.","Kết nối các mảnh ghép rời rạc trong hệ sinh thái y tế ngày nay bằng cách đồng bộ hóa các công nghệ, hệ thống, quy trình và con người — tạo ra các giải pháp thông minh, kết nối và lấy con người làm trọng tâm, giúp việc chăm sóc sức khỏe trở nên hiệu quả, hợp tác suôn sẻ, và dễ tiếp cận hơn tại khu vực Châu Á – Thái Bình Dương và trên toàn cầu."
"About Us","Our Mission","H2","Our Mission","Tầm nhìn"
"About Us","Our Mission","Paragraph","To bridge the gaps in today's fragmented healthcare ecosystem by synchronizing technologies, systems, workflows, and people — creating connected, intelligent, and human-centered solutions that make healthcare more efficient, collaborative, and accessible across Asia-Pacific and beyond.","Xây dựng một thế giới nơi các hệ sinh thái y tế được kết nối liền mạch — nơi công nghệ, dữ liệu và con người phối hợp hài hòa để mang lại dịch vụ chăm sóc sức khỏe thông minh, hiệu quả, công bằng, và nhân văn hơn cho tất cả mọi người."
"About Us","About HealthSyncX","H2","About HealthSyncX","Về HealthSyncX"
"About Us","About HealthSyncX","Paragraph","HealthSyncX Co., Ltd was founded to bridge the gaps in today's fragmented healthcare ecosystem. We believe that true progress in healthcare begins when technology, systems, workflows, and people work in harmony — creating seamless connections that enable better decisions, stronger collaboration, and more compassionate care.","HealthSyncX được thành lập với sứ mệnh thu hẹp khoảng cách trong hệ sinh thái y tế phân mảnh hiện nay. Chúng tôi tin rằng sự tiến bộ thực sự trong y tế bắt đầu khi công nghệ, hệ thống, quy trình và con người hoạt động hài hòa với nhau — tạo sự kết nối liền mạch để giúp đưa ra những quyết định tốt hơn, tăng cường hợp tác và mang lại sự chăm sóc sức khỏe nhân văn hơn."
"About Us","About HealthSyncX","Paragraph","At HealthSyncX, we focus on transforming complexity into clarity. Our approach integrates engineering expertise, digital innovation, and human-centered design to help organizations align their technologies, data, and workflows. Whether you are a healthcare provider, research institution, or enterprise seeking to modernize your operations, we tailor solutions that fit your unique goals and realities.","Cùng HealthSyncX, chúng tôi giúp chuyển mọi rắc rối phức tạp sang cách giải quyết rõ ràng. Bằng cách kết hợp chuyên môn kỹ thuật, đổi mới số và tư duy thiết kế lấy con người làm trung tâm, chúng tôi giúp các tổ chức đồng bộ công nghệ, dữ liệu và quy trình vận hành. Dù bạn là bệnh viện, tổ chức nghiên cứu hay doanh nghiệp đang muốn hiện đại hóa hoạt động, HealthSyncX sẽ tùy chỉnh giải pháp phù hợp với mục tiêu và thực tế của bạn."
"About Us","About HealthSyncX","Paragraph","Our work spans technology integration, digital transformation, research collaboration, and professional training — always guided by the belief that innovation must serve people first. We partner with hospitals, universities, and industry innovators across Asia-Pacific to co-create sustainable and secure ecosystems that enhance quality, efficiency, and trust.","Công việc của chúng tôi bao gồm tích hợp công nghệ, chuyển đổi số, hợp tác nghiên cứu và đào tạo chuyên nghiệp — cùng niềm tin rằng sự đổi mới phải phục vụ con người trước tiên mới có thể đạt giá trị hiệu quả. Chúng tôi hợp tác cùng các bệnh viện, trường đại học và các nhà sáng tạo đổi mới trong khu vực Châu Á – Thái Bình Dương để cùng xây dựng hệ sinh thái y tế bền vững, an toàn và đáng tin cậy."
"About Us","About HealthSyncX","Text","""Synchronizing technology, systems, workflows, and people — for better healthcare everywhere.""","""Đồng bộ hóa công nghệ, hệ thống, quy trình và con người — để nâng cao chăm sóc sức khỏe ở mọi nơi."""
"About Us","HealthSyncX's Core Values","H2","HealthSyncX's Core Values","Giá trị cốt lõi của HealthSyncX"
"About Us","HealthSyncX's Core Values","H3","Mission-Driven","Tập trung vào sứ mệnh"
"About Us","HealthSyncX's Core Values","H3","Excellence","Chất lượng xuất sắc"
"About Us","HealthSyncX's Core Values","H3","Client-Focused","Khách hàng là trọng tâm"
"About Us","HealthSyncX's Core Values","H3","Innovation","Luôn sáng tạo đổi mới"
"About Us","HealthSyncX's Core Values","Paragraph","Dedicated to transforming operations through seamless technology integration","Cam kết nâng cao hiệu quả hoạt động thông qua tích hợp công nghệ linh hoạt và liền mạch."
"About Us","HealthSyncX's Core Values","Paragraph","Committed to delivering the highest quality solutions and services","Nỗ lực mang đến các giải pháp và dịch vụ chất lượng cao nhất."
"About Us","HealthSyncX's Core Values","Paragraph","Building lasting partnerships through trust and collaboration","Xây dựng mối quan hệ hợp tác lâu dài dựa trên sự tin cậy và đồng hành cùng phát triển."
"About Us","HealthSyncX's Core Values","Paragraph","Leveraging proven and emerging technologies to solve complex challenges","Ứng dụng những công nghệ đã được kiểm chứng tính hiệu quả và công nghệ mới để giải quyết những thách thức phức tạp đặc thù theo chuyên ngành."
"About Us","Meet Our Founder","H2","Meet Our Founder","Gặp gỡ người sáng lập"
"About Us","Meet Our Founder","H3","Long 'Leo' Phi Dang","Đặng Phi Long (Leo)"
"About Us","Meet Our Founder","H4","Core Expertise","Chuyên môn"
"About Us","Meet Our Founder","Link","Connect","Kết nối"
"About Us","Meet Our Founder","Paragraph","Founder & CEO","Người sáng lập & CEO"
"About Us","Meet Our Founder","Paragraph","MSc Biomedical Engineering","Thạc sĩ Kỹ thuật Y sinh"
"About Us","Meet Our Founder","Paragraph","University of Oxford, England","Đại học Oxford, Anh"
"About Us","Meet Our Founder","Paragraph","MEng Telecommunication Engineering","Thạc sĩ Kỹ thuật Viễn thông"
"About Us","Meet Our Founder","Paragraph","University of Melbourne, Australia","Đại học Melbourne, Úc"
"About Us","Meet Our Founder","Paragraph","BSc Electrical Engineering","Cử nhân Kỹ thuật Điện-Điện tử"
"About Us","Meet Our Founder","Paragraph","University of California - Los Angeles, USA","Đại học California - Los Angeles, Mỹ"
"About Us","Meet Our Founder","Paragraph","Nationally Certified Trainer","Giảng viên được chứng nhận quốc gia"
"About Us","Meet Our Founder","Paragraph","Australian Skills Quality Authority (ASQA)","Cơ quan Chất lượng Kỹ năng Úc (ASQA)"
"About Us","Meet Our Founder","Paragraph","Strategic Leadership and Management","Chứng chỉ lãnh đạo và quản lý chiến lược"
"About Us","Meet Our Founder","Paragraph","University of Illinois, USA","Đại học Illinois, Mỹ"
"About Us","Meet Our Founder","Paragraph","Digital Health Specialization","Chứng chỉ chuyên môn y tế số"
"About Us","Meet Our Founder","Paragraph","Imperial College London, England","Imperial College London, Anh"
"About Us","Meet Our Founder","Paragraph","AI in Healthcare Specialization","Chứng chỉ chuyên môn AI cho y tế"
"About Us","Meet Our Founder","Paragraph","Stanford University, USA","Đại học Stanford, Mỹ"
"About Us","Meet Our Founder","Paragraph","AI for Cybersecurity Specialization","Chứng chỉ chuyên môn AI cho an ninh mạng"
"About Us","Meet Our Founder","Paragraph","Johns Hopkins University, USA","Đại học Johns Hopkins, Mỹ"
"About Us","Meet Our Founder","Paragraph","As a globally experienced engineer, researcher, and technology leader with over 20 years of professional and academic experience across Asia, Oceania, Europe, and North America, I've seen how fragmented healthcare systems affect not only efficiency but also human well-being.","Với tư cách là một kỹ sư, nghiên cứu viên, và là người lãnh đạo công nghệ, cùng hơn 20 năm kinh nghiệm làm việc và đào tạo tại Châu Á, Châu Đại Dương, Châu Âu và Bắc Mỹ, tôi đã chứng kiến các ảnh hưởng tiêu cực của hệ thống y tế bị phân mảnh hiện nay đến hiệu quả hoạt động và chất lượng chăm sóc sức khỏe cho mọi người."
"About Us","Meet Our Founder","Paragraph","Having lived and worked in Vietnam, Australia, New Zealand, the United Kingdom, and the United States, I bring a uniquely international perspective on how science, technology, and people can harmonize to improve healthcare outcomes.","Qua quá trình sống và làm việc tại Việt Nam, Úc, New Zealand, Anh, và Mỹ, tôi nhận định rằng sự kết hợp hài hòa giữa khoa học, công nghệ và con người có thể cải thiện chất lượng y tế một cách mạnh mẽ."
"About Us","Meet Our Founder","Paragraph","HealthSyncX Co., Ltd was founded to bridge the gaps that exist across today's fragmented healthcare ecosystem. It was born from a simple yet powerful vision —","Công ty TNHH HealthSyncX được thành lập để giúp lấp các khoảng trống đang tồn tại trong hệ sinh thái y tế phân mảnh ngày nay. HealthSyncX ra đời từ một tầm nhìn đơn giản nhưng quan trọng —"
"About Us","Meet Our Founder","Paragraph","For me, integration means more than linking devices or software; it's about connecting hearts, minds, and expertise across disciplines and borders to create healthcare solutions that are intelligent, collaborative, and human-centered.","Đối với tôi, tích hợp không chỉ là liên kết các thiết bị hoặc phần mềm; mà còn là việc kết nối trái tim, khối óc ở các chuyên môn đa ngành và xuyên biên giới để tạo ra các giải pháp y tế thông minh, tăng cường hợp tác và lấy con người làm trung tâm."
"About Us","Meet Our Founder","Paragraph","My work combines deep technical knowledge, strategic leadership, and a holistic understanding of the healthcare ecosystem — enabling HealthSyncX to design innovations that are not only cutting-edge but also practical, sustainable, and meaningful to the people who rely on them.","Công việc của tôi kết hợp kiến thức kỹ thuật chuyên sâu, lãnh đạo chiến lược và sự hiểu biết toàn diện về hệ sinh thái y tế — giúp HealthSyncX thiết kế và triển khai các sáng tạo đổi mới không chỉ tiên tiến mà còn thực tế, bền vững và có ý nghĩa cho mọi người."
"About Us","Meet Our Founder","Paragraph","Systems Integration","Tích hợp hệ thống"
"About Us","Meet Our Founder","Paragraph","Medical Imaging","Hình ảnh y khoa"
"About Us","Meet Our Founder","Paragraph","Healthcare IT","Công nghệ thông tin y tế"
"About Us","Meet Our Founder","Paragraph","Technical Consultancy","Tư vấn kỹ thuật"
"About Us","Meet Our Founder","Paragraph","Research Collaboration","Hợp tác nghiên cứu"
"About Us","Meet Our Founder","Span","Oxford","Oxford"
"About Us","Meet Our Founder","Span","UM","UM"
"About Us","Meet Our Founder","Span","UCLA","UCLA"
"About Us","Meet Our Founder","Span","ASQA","ASQA"
"About Us","Meet Our Founder","Span","UIUC","UIUC"
"About Us","Meet Our Founder","Span","ICL","ICL"
"About Us","Meet Our Founder","Span","Stanford","Stanford"
"About Us","Meet Our Founder","Span","JHU","JHU"
"About Us","Meet Our Founder","Text","""What if the real cure for healthcare's complexity lies not in more new technologies, but in connecting what already exists — current technologies, systems, workflows, and people?""","“Nếu giải pháp thật sự cho các vấn đề nan giải trong y tế không nằm ở việc phát triển thêm các công nghệ mới, mà ở việc kết nối những gì đã có — công nghệ hiện tại, các hệ thống, quy trình và con người — thì chúng ta cần làm gì?”"
"About Us","Meet Our Founder","Text","to synchronize technology, systems, workflows, and people for better healthcare everywhere","giúp đồng bộ hóa công nghệ, hệ thống, quy trình và con người để mang lại dịch vụ y tế tốt hơn cho mọi nơi"
"Services","SEO","Page Title","Our Services","Dịch vụ"
"Services","SEO","Meta Description","People-centered consultancy services: Holistic Systems Integration, Workflow Optimization, Training & Capacity Building, and Product Development.","Dịch vụ tư vấn lấy con người làm trung tâm: Tích hợp Hệ thống Toàn diện, Tối ưu hóa Quy trình, Đào tạo & Phát triển Năng lực, Phát triển Sản phẩm."
"Services","Our Core Services","H1","Our Core Services","Các dịch vụ chính"
"Services","Our Core Services","H3","Holistic Systems Integration","Tích hợp hệ thống toàn diện"
"Services","Our Core Services","H3","Workflow Optimization","Tối ưu hóa quy trình làm việc"
"Services","Our Core Services","H3","Training & Capacity Building","Đào tạo và phát triển năng lực"
"Services","Our Core Services","H3","Product Development","Phát triển sản phẩm"
"Services","Our Core Services","Paragraph","People-centered consultancy services designed to help you navigate technology challenges and opportunities","Dịch vụ tư vấn lấy con người làm trọng tâm được thiết kế để giúp bạn vượt qua thách thức và tận dụng cơ hội công nghệ một cách hiệu quả."
"Services","Our Core Services","Paragraph","Comprehensive integration planning that encompasses hardware, software, networks, workflows, AND people - ensuring adoption success through independent guidance, training, and support.","Lập kế hoạch tích hợp tổng thể bao gồm phần cứng, phần mềm, kết nối mạng, quy trình và con người – để bảo đảm triển khai thành công nhờ hướng dẫn độc lập, chương trình đào tạo và hỗ trợ thực tế."
"Services","Our Core Services","Paragraph","Process analysis and redesign that respects organizational culture while introducing efficiency improvements. We optimize for both technology and people.","Phân tích và cải tiến quy trình dựa trên văn hóa doanh nghiệp, hướng đến hiệu quả cao hơn. Tối ưu hóa đồng thời cho cả công nghệ lẫn con người."
"Services","Our Core Services","Paragraph","Comprehensive user training, adoption support, and capacity building to ensure your team can effectively use and maintain integrated systems.","Cung cấp chương trình đào tạo toàn diện, hỗ trợ triển khai và phát triển năng lực để đội ngũ của bạn có thể vận hành hệ thống tích hợp một cách hiệu quả nhất."
"Services","Our Core Services","Paragraph","Partnering with healthcare innovators to transform ideas into market-ready solutions through comprehensive product development support, from concept validation to market entry.","Hợp tác với các chuyên gia đổi mới trong lĩnh vực y tế để biến ý tưởng thành sản phẩm sẵn sàng thương mại hóa, với sự hỗ trợ toàn diện từ giai đoạn kiểm chứng ý tưởng đến khi đưa ra thị trường."
"Services","Our Core Services","Span","Independent technology assessment & vendor-neutral recommendations","Đánh giá công nghệ và đưa ra khuyến nghị trung lập, không phụ thuộc nhà cung cấp."
"Services","Our Core Services","Span","Hardware, software, and network infrastructure integration","Tích hợp đồng bộ phần cứng, phần mềm và hạ tầng mạng."
"Services","Our Core Services","Span","Organization workflow analysis & alignment","Phân tích và điều chỉnh quy trình hoạt động của tổ chức."
"Services","Our Core Services","Span","User readiness evaluation & capability assessment","Đánh giá mức độ sẵn sàng và năng lực của người dùng."
"Services","Our Core Services","Span","Change management planning & Return on Investment analysis","Lập kế hoạch quản lý thay đổi và phân tích lợi tức đầu tư (ROI)."
"Services","Our Core Services","Span","Process mapping & analysis","Lập sơ đồ và phân tích quy trình."
"Services","Our Core Services","Span","Bottleneck identification","Xác định điểm nghẽn trong vận hành."
"Services","Our Core Services","Span","Culture-sensitive redesign","Thiết kế lại quy trình phù hợp với đặc thù văn hóa tổ chức."
"Services","Our Core Services","Span","Efficiency improvement strategies","Chiến lược nâng cao hiệu quả làm việc."
"Services","Our Core Services","Span","Technology-enabled optimization","Tối ưu hóa quy trình với sự hỗ trợ của công nghệ."
"Services","Our Core Services","Span","Comprehensive user training programs","Các chương trình đào tạo người dùng toàn diện."
"Services","Our Core Services","Span","Technology adoption workshops","Các buổi thực hành áp dụng công nghệ."
"Services","Our Core Services","Span","Ongoing support & troubleshooting","Hỗ trợ kỹ thuật và khắc phục sự cố liên tục."
"Services","Our Core Services","Span","Capacity building initiatives","Chủ động phát triển năng lực đội ngũ."
"Services","Our Core Services","Span","Knowledge transfer sessions","Chia sẻ và chuyển giao kiến thức."
"Services","Our Core Services","Span","Concept & feasibility assessment","Đánh giá ý tưởng và tính khả thi của sản phẩm."
"Services","Our Core Services","Span","User needs analysis & validation","Phân tích và xác thực nhu cầu của người dùng."
"Services","Our Core Services","Span","Regulatory compliance guidance","Hướng dẫn tuân thủ các quy định pháp lý."
"Services","Our Core Services","Span","Prototype development support","Hỗ trợ phát triển và hoàn thiện nguyên mẫu."
"Services","Our Core Services","Span","Market entry strategy","Chiến lược thâm nhập thị trường hiệu quả."
"Services","Free 30-Minute Strategy Session","H2","Free 30-Minute Strategy Session","Đăng ký 30 phút tư vấn miễn phí"
"Services","Free 30-Minute Strategy Session","Link","Book Your Free Session","Đặt lịch tư vấn"
"Services","Free 30-Minute Strategy Session","Paragraph","Explore your technology integration challenges with our expert. Get preliminary feedback and actionable insights - no commitment required.","Trao đổi cùng chuyên gia của chúng tôi về những thách thức trong việc tích hợp công nghệ của bạn. Nhận phản hồi nhanh và gợi ý giải pháp thực tế – hoàn toàn miễn phí, không ràng buộc."
"Solutions","SEO","Page Title","Industry Solutions","Giải pháp Ngành"
"Solutions","SEO","Meta Description","People-first systems integration solutions for Healthcare, Beauty Tech, and diverse industry sectors across APAC region.","Giải pháp tích hợp hệ thống lấy con người làm trung tâm cho Y tế, Công nghệ Làm đẹp, và các ngành công nghiệp đa dạng ở khu vực APAC."
"Solutions","Industry Solutions","H1","Industry Solutions","Giải pháp chuyên ngành"
"Solutions","Industry Solutions","H3","Healthcare","Y tế"
"Solutions","Industry Solutions","H3","Beauty Tech","Công nghệ Làm đẹp"
"Solutions","Industry Solutions","H3","Other Industries","Các ngành khác"
"Solutions","Industry Solutions","Paragraph","We understand the unique integration challenges across different sectors","Chúng tôi am hiểu sâu sắc các thách thức đặc thù trong việc tích hợp hệ thống ở các chuyên ngành khác nhau."
"Solutions","Industry Solutions","Paragraph","Comprehensive systems integration for modern healthcare facilities","Giải pháp tích hợp hệ thống toàn diện cho các cơ sở y tế hiện đại."
"Solutions","Industry Solutions","Paragraph","Technology and device integration for product quality control and data management","Giải pháp tích hợp công nghệ và thiết bị giúp kiểm soát chất lượng sản phẩm và quản lý dữ liệu hiệu quả."
"Solutions","Industry Solutions","Paragraph","Systems integration solutions for diverse sectors beyond our core focus areas","Giải pháp tích hợp linh hoạt cho nhiều ngành nghề khác ngoài các lĩnh vực trọng điểm của chúng tôi."
"Solutions","Industry Solutions","Span","Hospital Information Systems (HIS) integration","Tích hợp hệ thống thông tin bệnh viện (HIS)."
"Solutions","Industry Solutions","Span","Medical device connectivity and data management","Kết nối thiết bị y tế và quản lý dữ liệu hiệu quả."
"Solutions","Industry Solutions","Span","Telemedicine platform implementation","Triển khai nền tảng y tế từ xa."
"Solutions","Industry Solutions","Span","Patient data security and compliance","Bảo mật dữ liệu bệnh nhân và tuân thủ các quy định y tế."
"Solutions","Industry Solutions","Span","Healthcare workflow optimization","Tối ưu hóa quy trình làm việc trong chăm sóc sức khỏe."
"Solutions","Industry Solutions","Span","Quality control device integration and data capture","Tích hợp thiết bị kiểm soát chất lượng và thu thập dữ liệu tự động."
"Solutions","Industry Solutions","Span","Product testing and analysis equipment connectivity","Kết nối thiết bị kiểm nghiệm và phân tích sản phẩm."
"Solutions","Industry Solutions","Span","Laboratory information management systems (LIMS)","Hệ thống quản lý thông tin phòng thí nghiệm (LIMS)."
"Solutions","Industry Solutions","Span","Traceability and compliance data management","Quản lý dữ liệu cho truy xuất nguồn gốc và tuân thủ tiêu chuẩn."
"Solutions","Industry Solutions","Span","Real-time quality monitoring and reporting","Giám sát và báo cáo chất lượng theo thời gian thực."
"Solutions","Industry Solutions","Span","Education technology and learning management systems","Giải pháp công nghệ giáo dục và hệ thống quản lý học tập."
"Solutions","Industry Solutions","Span","Manufacturing and production management systems","Giải pháp cho hệ thống quản lý sản xuất và vận hành nhà máy."
"Solutions","Industry Solutions","Span","Retail and e-commerce platforms","Giải pháp cho ngành bán lẻ và thương mại điện tử."
"Solutions","Industry Solutions","Span","Financial services and logistics","Giải pháp tích hợp cho ngành tài chính và logistics."
"Solutions","Industry Solutions","Span","Hospitality and custom solutions","Giải pháp tùy chỉnh cho lĩnh vực khách sạn và dịch vụ."
"Solutions","Free 30-Minute Strategy Session","H2","Free 30-Minute Strategy Session","Đăng ký 30 phút tư vấn miễn phí"
"Solutions","Free 30-Minute Strategy Session","Link","Book Your Free Session","Đặt lịch tư vấn"
"Solutions","Free 30-Minute Strategy Session","Paragraph","Explore your technology integration challenges with our expert. Get preliminary feedback and actionable insights - no commitment required.","Trao đổi cùng chuyên gia của chúng tôi về những thách thức trong việc tích hợp công nghệ của bạn. Nhận phản hồi nhanh và gợi ý giải pháp thực tế – hoàn toàn miễn phí, không ràng buộc."
"Collaboration","SEO","Page Title","Partnership Opportunities","Cơ hội Hợp tác"
"Collaboration","SEO","Meta Description","Partner with HealthSyncX for collaboration opportunities in healthcare technology, systems integration, and research across APAC region.","Hợp tác với HealthSyncX cho các cơ hội hợp tác trong công nghệ y tế, tích hợp hệ thống và nghiên cứu trên khu vực APAC."
"Collaboration","Partner with HealthSyncX","H1","Partner with HealthSyncX","Hợp tác cùng HealthSyncX"
"Collaboration","Partner with HealthSyncX","Paragraph","Expand your reach in Vietnam and the APAC region through strategic partnership","Mở rộng phạm vi hoạt động tại Việt Nam và khu vực Châu Á – Thái Bình Dương bằng hợp tác chiến lược."
"Collaboration","Why Partner with Us?","H2","Why Partner with Us?","Vì sao nên hợp tác với chúng tôi?"
"Collaboration","Why Partner with Us?","H3","Local Market Expertise","Hiểu biết sâu về thị trường địa phương"
"Collaboration","Why Partner with Us?","H3","Established Network","Mạng lưới đối tác vững mạnh"
"Collaboration","Why Partner with Us?","H3","Technical Excellence","Năng lực kỹ thuật vượt trội"
"Collaboration","Why Partner with Us?","H3","Bilingual Support","Hỗ trợ song ngữ"
"Collaboration","Why Partner with Us?","Paragraph","We bring deep local expertise, international experience, and a proven track record in healthcare technology integration across the APAC region. Our partnerships are built on shared vision, mutual trust, and commitment to delivering value.","Chúng tôi kết hợp kinh nghiệm quốc tế, am hiểu thị trường địa phương và thành tích đã được chứng minh trong lĩnh vực tích hợp công nghệ y tế trên toàn khu vực Châu Á – Thái Bình Dương. Các mối quan hệ hợp tác đều dựa trên tầm nhìn chung, sự tin cậy và cam kết mang lại giá trị thực tế."
"Collaboration","Why Partner with Us?","Paragraph","Deep understanding of Vietnam and APAC healthcare markets, regulations, and user needs","Thấu hiểu thị trường y tế Việt Nam và khu vực APAC, nắm rõ quy định, nhu cầu và xu hướng của người dùng."
"Collaboration","Why Partner with Us?","Paragraph","Strong relationships with healthcare providers, universities, and technology partners","Sở hữu mối quan hệ chặt chẽ với các nhà cung cấp dịch vụ y tế, trường đại học và đối tác công nghệ hàng đầu."
"Collaboration","Why Partner with Us?","Paragraph","Advanced expertise in biomedical engineering, healthcare IT, and integration systems","Chuyên môn sâu trong kỹ thuật y sinh, CNTT y tế và các hệ thống tích hợp phức hợp."
"Collaboration","Why Partner with Us?","Paragraph","Seamless communication in English and Vietnamese, bridging international partners with local teams","Giao tiếp trôi chảy bằng cả tiếng Anh và tiếng Việt, giúp kết nối các đối tác quốc tế với đội ngũ địa phương mà không gặp rào cản ngôn ngữ hay văn hóa."
"Collaboration","Why Partner with Us?","Span","🇳🇿","🇳🇿"
"Collaboration","New Zealand - Vietnam Bridge","H2","New Zealand - Vietnam Bridge","Cầu nối công nghệ New Zealand – Việt Nam"
"Collaboration","New Zealand - Vietnam Bridge","Paragraph","HealthSyncX serves as a unique bridge between New Zealand's advanced healthcare innovation ecosystem and Vietnam's rapidly growing healthcare market. With operations in both countries, we understand the strengths, needs, and opportunities in each market. We help New Zealand companies navigate Vietnam's regulatory landscape and cultural context, while connecting Vietnamese organizations with world-class healthcare technologies and best practices from New Zealand.","HealthSyncX đóng vai trò là cầu nối giữa hệ sinh thái công nghệ y tế tiên tiến của New Zealand và thị trường y tế đang phát triển nhanh tại Việt Nam. Nhờ hoạt động tại cả hai quốc gia, chúng tôi hiểu rõ thế mạnh, nhu cầu và cơ hội của từng thị trường. HealthSyncX hỗ trợ doanh nghiệp New Zealand tiếp cận môi trường pháp lý và văn hóa Việt Nam, đồng thời giúp tổ chức Việt tiếp cận công nghệ và chuẩn mực y tế quốc tế từ New Zealand."
"Collaboration","New Zealand - Vietnam Bridge","Span","🇻🇳","🇻🇳"
"Collaboration","Partnership Opportunities","H2","Partnership Opportunities","Các loại hình hợp tác"
"Collaboration","Partnership Opportunities","H3","Technology Partner","Đối tác công nghệ"
"Collaboration","Partnership Opportunities","H3","Healthcare Innovation Partner","Đối tác đổi mới hệ thống y tế"
"Collaboration","Partnership Opportunities","H3","Research & Education Partner","Đối tác nghiên cứu và giáo dục đào tạo"
"Collaboration","Partnership Opportunities","Paragraph","Medical device manufacturers, healthcare software providers, and technology innovators seeking to enter or expand in the APAC market","Các nhà sản xuất thiết bị y tế, đơn vị cung cấp phần mềm và doanh nghiệp đổi mới công nghệ muốn mở rộng sang thị trường khu vực Châu Á – Thái Bình Dương."
"Collaboration","Partnership Opportunities","Paragraph","Market entry support • Regulatory guidance • Local distribution • Integration services • Innovation collaboration","Hỗ trợ tiếp cận thị trường • Tư vấn pháp lý • Phân phối nội địa • Dịch vụ tích hợp • Hợp tác sáng tạo đổi mới"
"Collaboration","Partnership Opportunities","Paragraph","Hospitals, clinics, research institutions, and healthcare providers looking for systems integration expertise and technology transformation support","Bệnh viện, phòng khám và tổ chức y tế muốn nâng cấp công nghệ, tích hợp hệ thống hoặc triển khai chương trình chuyển đổi số."
"Collaboration","Partnership Opportunities","Paragraph","Technologies evaluation • Systems integration • Digital transformation • Training & support • Best practice guidance","Đánh giá lựa chọn công nghệ • Tích hợp các hệ thống • Chuyển đổi số • Đào tạo & hỗ trợ • Chia sẻ kinh nghiệm thực tiễn"
"Collaboration","Partnership Opportunities","Paragraph","Universities, research centers, and educational institutions interested in collaborative projects, knowledge exchange, and capacity building","Các trường đại học, trung tâm nghiên cứu và cơ sở giáo dục mong muốn hợp tác nghiên cứu, chia sẻ kiến thức và phát triển năng lực."
"Collaboration","Partnership Opportunities","Paragraph","Joint research • Knowledge exchange • Student programs • Innovation collaboration","Hợp tác nghiên cứu • Trao đổi kiến thức • Chương trình đào tạo sinh viên • Hợp tác sáng tạo đổi mới"
"Collaboration","Partner Inquiry","H2","Partner Inquiry","Tìm hiểu chi tiết về hợp tác"
"Collaboration","Partner Inquiry","Label","Name *","Họ và tên *"
"Collaboration","Partner Inquiry","Label","Email *","Email *"
"Collaboration","Partner Inquiry","Label","Company/Organization *","Công ty/Tổ chức *"
"Collaboration","Partner Inquiry","Label","Phone *","Điện thoại *"
"Collaboration","Partner Inquiry","Label","Website (optional)","Website (nếu có)"
"Collaboration","Partner Inquiry","Label","Partnership Interest *","Hình thức hợp tác *"
"Collaboration","Partner Inquiry","Label","Tell us about your organization and partnership goals *","Hãy chia sẻ với chúng tôi về tổ chức và mục tiêu hợp tác của bạn *"
"Collaboration","Partner Inquiry","Label","I consent to HealthSyncX using my submitted information to respond to my inquiry","Tôi đồng ý để HealthSyncX sử dụng thông tin tôi cung cấp để liên hệ và phản hồi yêu cầu của tôi."
"Collaboration","Partner Inquiry","Paragraph","Interested in exploring partnership opportunities? Share your information and we'll be in touch to discuss how we can collaborate.","Nếu bạn quan tâm đến việc hợp tác, xin để lại thông tin bên dưới. Chúng tôi sẽ liên hệ để trao đổi chi tiết."
"Collaboration","Partner Inquiry","Text","Select partnership type","Chọn hình thức hợp tác"
"Collaboration","Partner Inquiry","Text","Technology Partner","Đối tác công nghệ"
"Collaboration","Partner Inquiry","Text","Healthcare Innovation Partner","Đối tác đổi mới hệ thống y tế"
"Collaboration","Partner Inquiry","Text","Research & Education Partner","Đối tác nghiên cứu và giáo dục đào tạo"
"Collaboration","Partner Inquiry","Text","Other","Đối tác khác"
"Collaboration","Partner Inquiry","Text","Submit Partnership Inquiry","Gửi yêu cầu hợp tác"
"Our People","SEO","Page Title","Our People","Đội ngũ"
"Our People","SEO","Meta Description","Meet the HealthSyncX team, partners, advisors, and collaborators building the future of healthcare technology integration.","Gặp gỡ đội ngũ HealthSyncX, đối tác, cố vấn và cộng tác viên xây dựng tương lai tích hợp công nghệ y tế."
"Our People","Core Team","H2","Core Team","Ban cố vấn"
"Our People","Core Team","Paragraph","Our dedicated team brings together expertise in biomedical engineering, healthcare IT, and systems integration.","Các nhà lãnh đạo ngành, giám đốc y tế và chuyên gia công nghệ của chúng tôi đóng vai trò cố vấn chiến lược, giúp HealthSyncX luôn bắt nhịp với xu hướng đổi mới, yêu cầu pháp lý và nhu cầu thị trường."
"Our People","Strategic Partners","H2","Strategic Partners","Đối tác chiến lược"
"Our People","Strategic Partners","Paragraph","We collaborate with leading technology providers, healthcare organizations, and research institutions across the Asia-Pacific region.","Chúng tôi hợp tác cùng các nhà cung cấp công nghệ, tổ chức y tế và cơ sở nghiên cứu hàng đầu trong khu vực Châu Á – Thái Bình Dương để cùng mang chuyên môn toàn cầu đến các thị trường địa phương."
"Our People","Advisory Board","H2","Advisory Board","Đội ngũ chính"
"Our People","Advisory Board","Paragraph","Our advisors provide strategic guidance across healthcare innovation, regulatory compliance, and market expansion.","Đội ngũ chuyên gia của chúng tôi kết hợp kiến thức về kỹ thuật y sinh, CNTT y tế và tích hợp hệ thống để mang đến những giải pháp toàn diện, hiệu quả và phù hợp với từng khách hàng."
"Our People","Research Collaborators","H2","Research Collaborators","Đối tác nghiên cứu"
"Our People","Research Collaborators","Paragraph","We work closely with universities and research centers to advance healthcare technology integration and innovation.","Chúng tôi hợp tác chặt chẽ với các trường đại học và trung tâm nghiên cứu trong khu vực APAC để thúc đẩy phát triển công nghệ y tế và các sáng kiến đổi mới."
"Our People","Join Our Network","H2","Join Our Network","Tham gia vào mạng lưới hợp tác của HealthSyncX"
"Our People","Join Our Network","Link","Partner With Us","Hợp tác cùng HealthSyncX"
"Our People","Join Our Network","Paragraph","We're always looking for talented professionals, strategic partners, and research collaborators to join our mission of transforming healthcare through people-first systems integration.","HealthSyncX luôn chào đón các chuyên gia, đối tác chiến lược và cộng tác viên nghiên cứu cùng chung sứ mệnh đổi mới hệ thống y tế thông qua mô hình tích hợp lấy con người làm trung tâm."
"Contact","SEO","Page Title","Contact Us","Liên hệ"
"Contact","SEO","Meta Description","Contact HealthSyncX for expert systems integration consultancy. Free 30-minute consultation available. Serving Vietnam & APAC Region.","Liên hệ với HealthSyncX để được tư vấn chuyên môn về tích hợp hệ thống. Tư vấn miễn phí 30 phút. Phục vụ Việt Nam & Khu vực APAC."
"Contact","Send us a message","H2","Send us a message","Liên hệ với chúng tôi"
"Contact","Send us a message","H3","Contact Information","Thông tin liên hệ"
"Contact","Send us a message","H4","Email","Email"
"Contact","Send us a message","H4","Location","Địa điểm"
"Contact","Send us a message","H4","Free 30-minute consultation","30 phút tư vấn miễn phí"
"Contact","Send us a message","Label","Name *","Họ và tên *"
"Contact","Send us a message","Label","Email *","Email *"
"Contact","Send us a message","Label","Company/Organization *","Công ty/Tổ chức *"
"Contact","Send us a message","Label","Phone *","Điện thoại *"
"Contact","Send us a message","Label","Website (optional)","Website (nếu có)"
"Contact","Send us a message","Label","Message *","Nội dung tin nhắn *"
"Contact","Send us a message","Label","I consent to HealthSyncX using my submitted information to respond to my inquiry","Tôi đồng ý để HealthSyncX sử dụng thông tin tôi cung cấp để liên hệ và phản hồi yêu cầu của tôi."
"Contact","Send us a message","Link","contact@healthsyncx.org","contact@healthsyncx.org"
"Contact","Send us a message","Paragraph","Vietnam","Việt Nam"
"Contact","Send us a message","Paragraph","New Zealand","New Zealand"
"Contact","Send us a message","Paragraph","Book a free 30-minute consultation to discuss your systems integration needs.","Đăng ký tư vấn miễn phí 30 phút để trao đổi về nhu cầu tích hợp hệ thống của bạn."
"Contact","Send us a message","Paragraph","Response time: Within 24 hours","Thời gian phản hồi: trong vòng 24 giờ"
"Contact","Send us a message","Text","Send Message","Gửi tin nhắn"
"Privacy Policy","SEO","Page Title","Privacy Policy","Chính sách Bảo mật"
"Privacy Policy","SEO","Meta Description","HealthSyncX Privacy Policy - How we collect, use, and protect your personal information.","Chính sách Bảo mật của HealthSyncX - Cách chúng tôi thu thập, sử dụng và bảo vệ thông tin cá nhân của bạn."
"Privacy Policy","Privacy Policy","H1","Privacy Policy","Thông tin liên hệ"
"Privacy Policy","Privacy Policy","Link","","contact@healthsyncx.org"
"Privacy Policy","Privacy Policy","Paragraph","Your privacy is important to us","Nếu bạn có câu hỏi về chính sách bảo mật này, vui lòng liên hệ với chúng tôi qua địa chỉ email:"
"Privacy Policy","Privacy Policy","Paragraph","Last updated:",""
"Privacy Policy","Introduction","H2","Introduction","Giới thiệu"
"Privacy Policy","Introduction","Paragraph","HealthSyncX Co., Ltd is a Vietnam-registered company operating in Vietnam and collaborating in New Zealand and other Asia-Pacific regions. This Privacy Policy explains how we collect, use, and protect personal information on our website.","Công ty TNHH HealthSyncX được đăng ký tại Việt Nam, hoạt động tại Việt Nam và hợp tác với các đối tác tại New Zealand cùng nhiều quốc gia trong khu vực Châu Á – Thái Bình Dương. Chính sách này giải thích cách chúng tôi thu thập, sử dụng và bảo vệ thông tin cá nhân trên trang web của mình."
"Privacy Policy","Information We Collect","H2","Information We Collect","Cập nhật chính sách"
"Privacy Policy","Information We Collect","Paragraph","We may collect information such as your name, company, email, phone number, and message details when you contact us. We also collect non-personal data such as browser type, IP address, and cookies for website analytics.","Chính sách bảo mật có thể được cập nhật định kỳ. Mọi thay đổi sẽ được thông báo trên trang này cùng ngày cập nhật mới nhất."
"Privacy Policy","How We Use Information","H2","How We Use Information","Phạm vi quốc tế"
"Privacy Policy","How We Use Information","Paragraph","We use this information to respond to inquiries, improve our website, and comply with applicable laws. Data is never sold or shared for marketing purposes without consent.","Mặc dù HealthSyncX hợp tác với các đối tác tại New Zealand, các dữ liệu cá nhân thu thập qua trang web này đều được xử lý theo quy định của pháp luật Việt Nam. Trong những trường hợp cần thiết, các nguyên tắc bảo mật của New Zealand cũng sẽ được áp dụng."
"Privacy Policy","Data Storage and Security","H2","Data Storage and Security","Thông tin chúng tôi thu thập"
"Privacy Policy","Data Storage and Security","Paragraph","Your data is securely stored using encrypted hosting and limited internal access. We retain data only as long as necessary for our business or legal obligations.","Khi bạn liên hệ với chúng tôi, chúng tôi có thể thu thập thông tin như họ tên, công ty, email, số điện thoại và nội dung tin nhắn. Ngoài ra, một số dữ liệu phi cá nhân như loại trình duyệt, địa chỉ IP và cookie cũng có thể được thu thập để phân tích hoạt động của trang web."
"Privacy Policy","International Scope","H2","International Scope","Quyền của người dùng"
"Privacy Policy","International Scope","Paragraph","While HealthSyncX collaborates with partners in New Zealand, all personal data collected via this website is processed under Vietnamese law. When applicable, New Zealand privacy principles will also be respected.","Bạn có quyền yêu cầu truy cập, chỉnh sửa hoặc xóa dữ liệu cá nhân của mình. Vui lòng liên hệ với chúng tôi nếu bạn muốn thực hiện các quyền này."
"Privacy Policy","User Rights","H2","User Rights","Lưu trữ và bảo mật dữ liệu"
"Privacy Policy","User Rights","Paragraph","You have the right to request access, correction, or deletion of your personal data. Please contact us if you wish to exercise these rights.","Dữ liệu của người gửi được lưu trữ an toàn trên hệ thống mã hóa và chỉ những nhân sự được ủy quyền mới có quyền truy cập. Chúng tôi chỉ lưu giữ dữ liệu trong thời gian cần thiết để phục vụ hoạt động của HealthSyncX hoặc yêu cầu pháp lý."
"Privacy Policy","Policy Updates","H2","Policy Updates","Mục đích sử dụng thông tin"
"Privacy Policy","Policy Updates","Paragraph","We may update this Privacy Policy periodically. Any changes will be posted on this page with an updated date.","Thông tin được sử dụng để phản hồi yêu cầu của người gửi, cải thiện trải nghiệm trang web và tuân thủ các quy định pháp luật. Chúng tôi cam kết không bán hoặc chia sẻ dữ liệu cho mục đích tiếp thị nếu chưa có sự đồng ý của bạn."
"Privacy Policy","Contact Information","H1","Contact Information","Chính sách bảo mật"
"Privacy Policy","Contact Information","Link","contact@healthsyncx.org",""
"Privacy Policy","Contact Information","Paragraph","If you have questions about this Privacy Policy, please contact us at","Chúng tôi luôn coi trọng quyền riêng tư của mọi người."
"Privacy Policy","Contact Information","Paragraph","","Cập nhật lần cuối:"
"Terms & Conditions","SEO","Page Title","Terms & Conditions","Điều khoản & Điều kiện"
"Terms & Conditions","SEO","Meta Description","HealthSyncX Terms & Conditions - Legal terms governing the use of our website and services.","Điều khoản & Điều kiện của HealthSyncX - Các điều khoản pháp lý điều chỉnh việc sử dụng trang web và dịch vụ của chúng tôi."
"Terms & Conditions","Terms & Conditions","H1","Terms & Conditions","Thông tin liên hệ"
"Terms & Conditions","Terms & Conditions","Link","","contact@healthsyncx.org"
"Terms & Conditions","Terms & Conditions","Paragraph","Legal terms governing the use of our services","Nếu bạn có câu hỏi về các điều khoản và điều kiện này, vui lòng liên hệ với chúng tôi qua địa chỉ email:"
"Terms & Conditions","Terms & Conditions","Paragraph","Last updated:",""
"Terms & Conditions","Acceptance of Terms","H2","Acceptance of Terms","Chấp nhận điều khoản"
"Terms & Conditions","Acceptance of Terms","Paragraph","By accessing or using the website of HealthSyncX Co., Ltd, you agree to comply with these Terms and Conditions.","Khi truy cập hoặc sử dụng trang web của Công ty TNHH HealthSyncX, bạn đồng ý với việc chấp nhận và tuân thủ các điều khoản & điều kiện trong chính sách này."
"Terms & Conditions","Use of Website","H2","Use of Website","Sử dụng trang web"
"Terms & Conditions","Use of Website","Paragraph","Users must not use this website for unlawful purposes, hacking, or unauthorized data extraction.","Người dùng không được phép sử dụng trang web cho các hành vi vi phạm pháp luật, tấn công mạng hoặc trích xuất dữ liệu trái phép."
"Terms & Conditions","Intellectual Property","H2","Intellectual Property","Miễn trừ trách nhiệm"
"Terms & Conditions","Intellectual Property","Paragraph","All content, logos, and materials on this website belong to HealthSyncX Co., Ltd. Reproduction or distribution without consent is prohibited.","Thông tin trên trang web chỉ mang tính tham khảo chung và không được xem là lời khuyên chuyên môn hoặc y tế."
"Terms & Conditions","Disclaimer","H2","Disclaimer","Luật điều chỉnh"
"Terms & Conditions","Disclaimer","Paragraph","Information on this website is provided for general informational purposes and does not constitute professional or medical advice.","Các điều khoản này được điều chỉnh bởi pháp luật của nước Cộng hòa Xã hội Chủ nghĩa Việt Nam. Đối với các hoạt động hợp tác tại New Zealand, luật pháp địa phương sẽ được tuân thủ khi cần thiết."
"Terms & Conditions","Links to Other Sites","H2","Links to Other Sites","Liên kết đến trang khác"
"Terms & Conditions","Links to Other Sites","Paragraph","Our website may contain links to third-party sites. We are not responsible for their content or privacy practices.","Trang web của chúng tôi có thể bao gồm liên kết đường dẫn đến các trang của bên thứ ba. HealthSyncX không chịu trách nhiệm về nội dung hoặc chính sách bảo mật của các trang đó."
"Terms & Conditions","Governing Law","H2","Governing Law","Quyền sở hữu trí tuệ"
"Terms & Conditions","Governing Law","Paragraph","These Terms are governed by the laws of the Socialist Republic of Vietnam. For collaborations in New Zealand, applicable local laws will also be observed when required.","Tất cả nội dung, logo và tài liệu trên trang web này thuộc quyền sở hữu của Công ty TNHH HealthSyncX. Mọi hình thức sao chép hoặc phân phối mà không có sự đồng ý bằng văn bản đều bị nghiêm cấm."
"Terms & Conditions","Contact Information","H1","Contact Information","Điều khoản & điều kiện"
"Terms & Conditions","Contact Information","Link","contact@healthsyncx.org",""
"Terms & Conditions","Contact Information","Paragraph","If you have questions about these Terms & Conditions, please contact us at","Các điều khoản pháp lý điều chỉnh việc sử dụng dịch vụ của chúng tôi"
"Terms & Conditions","Contact Information","Paragraph","","Cập nhật lần cuối:"
