"Page","Content Type","Section","English Text","Vietnamese Text","Notes"
"Home","SEO - Page Title","Meta Tag","Home","Trang chủ","Browser tab title"
"Home","SEO - Meta Description","Meta Tag","HealthSyncX - People-first Systems Integration Consultancy for Healthcare, Beauty Tech, and diverse industries. Expert technology integration serving Vietnam & APAC Region.","HealthSyncX - Tư vấn Tích hợp Hệ thống Lấy Con người Làm trung tâm cho Y tế, Công nghệ Làm đẹp và các ngành công nghiệp đa dạng. Tích hợp công nghệ chuyên gia phục vụ Việt Nam & Khu vực APAC.","Search engine description"
"Home","Label/Badge","Item 1","Building Healthcare Partnerships in Vietnam & APAC","Kết nối hợp tác y tế tại Việt Nam và khu vực Châu Á – Thái Bình Dương",""
"Home","Main Heading (H1)","Item 2","People-first Systems Integration Consultancy","Tư vấn tích hợp hệ thống với trọng tâm là con người",""
"Home","Paragraph","Item 3","Transform your operations with seamless technology integration that puts people at the center. Expert guidance for healthcare, beauty tech, and diverse industry sectors.","Chuyển đổi hoạt động doanh nghiệp với các giải pháp tích hợp công nghệ linh hoạt, lấy con người làm trung tâm. HealthSyncX mang đến chuyên môn sâu trong lĩnh vực y tế, công nghệ làm đẹp và nhiều ngành khác.",""
"Home","Link Text","Item 4","Free 30-Minute Strategy Session","Đăng ký 30 phút tư vấn miễn phí",""
"Home","Link Text","Item 5","View All Services","Xem tất cả dịch vụ",""
"Home","Section Heading (H2)","Item 6","Common Challenges Our Clients Face","Những thách thức mà khách hàng thường gặp",""
"Home","Subsection Heading (H3)","Item 7","Disconnected Systems","Hệ thống rời rạc, thiếu kết nối",""
"Home","Paragraph","Item 8","Critical data trapped in legacy tools that don't communicate.","Dữ liệu quan trọng bị giới hạn bởi các hệ thống cũ, không thể chia sẻ qua lại.",""
"Home","Subsection Heading (H3)","Item 9","Unclear Return on Investment","Hiệu quả đầu tư khó đo lường",""
"Home","Paragraph","Item 10","Technology investments that look good on paper but never deliver measurable returns.","Đầu tư công nghệ trông có vẻ hiệu quả nhưng lại khó chứng minh được giá trị thực tế.",""
"Home","Subsection Heading (H3)","Item 11","Workflow Friction","Quy trình vận hành thiếu mượt mà",""
"Home","Paragraph","Item 12","New systems that disrupt how people actually work.","Hệ thống mới khiến nhân viên khó thích nghi và làm gián đoạn quy trình làm việc.",""
"Home","Subsection Heading (H3)","Item 13","Security & Compliance Risks","Rủi ro về bảo mật và tuân thủ quy định",""
"Home","Paragraph","Item 14","Mounting regulatory pressure, from international to local data rules.","Áp lực từ các quy định trong nước và quốc tế ngày càng cao.",""
"Home","Subsection Heading (H3)","Item 15","Resistance to Change","Tâm lý ngại thay đổi công nghệ",""
"Home","Paragraph","Item 16","Teams overwhelmed by too many tools, too little training.","Nhân viên bị quá tải vì có quá nhiều công cụ nhưng lại thiếu hướng dẫn và đào tạo.",""
"Home","Subsection Heading (H3)","Item 17","Vendor Lock-In","Phụ thuộc vào nhà cung cấp",""
"Home","Paragraph","Item 18","Locked into systems that limit flexibility and innovation.","Bị ràng buộc về hệ thống với nhà cung cấp cũ nên thiếu linh hoạt, khó đổi mới.",""
"Home","Section Heading (H2)","Item 19","Who We Support","Đối tượng khách hàng của chúng tôi",""
"Home","Paragraph","Item 20","Whether you're a small business taking your first steps toward digital transformation or a large enterprise managing complex multi-system environments, HealthSyncX helps you move forward with confidence.","Dù bạn là doanh nghiệp nhỏ mới bắt đầu hành trình chuyển đổi số hay tập đoàn lớn đang vận hành nhiều hệ thống phức tạp, HealthSyncX sẽ đồng hành giúp bạn tiến bước vững chắc.",""
"Home","Subsection Heading (H3)","Item 21","Small and Mid-Sized Businesses","Doanh nghiệp vừa và nhỏ",""
"Home","Paragraph","Item 22","You want modern tools that simplify operations without draining budgets or disrupting daily work.","Bạn cần các công cụ hiện đại giúp đơn giản hóa quy trình vận hành mà vẫn tiết kiệm chi phí và không ảnh hưởng đến công việc hàng ngày.",""
"Home","Paragraph","Item 23","HealthSyncX delivers scalable, right-sized integration — connecting your devices, data, and workflows so you can compete like a larger player while staying agile and cost-efficient.","HealthSyncX mang đến giải pháp tích hợp phù hợp với quy mô của bạn — kết nối thiết bị, dữ liệu và quy trình để doanh nghiệp vận hành linh hoạt, hiệu quả và đủ sức cạnh tranh với các đối thủ lớn hơn.",""
"Home","Subsection Heading (H3)","Item 24","Large Enterprises","Doanh nghiệp lớn",""
"Home","Paragraph","Item 25","You face the opposite problems: too many systems, too much data, and teams that don't always align.","Doanh nghiệp của bạn thường gặp các vấn đề ngược lại: có quá nhiều hệ thống, dữ liệu phân tán và các bộ phận khó phối hợp đồng bộ.",""
"Home","Paragraph","Item 26","We help unify legacy and modern platforms, improve interoperability across departments, and create visibility and compliance without slowing innovation.","Chúng tôi giúp đồng bộ hệ thống cũ và mới, tăng khả năng kết nối giữa các phòng ban, đảm bảo minh bạch và tuân thủ quy định mà vẫn giữ nhịp đổi mới.",""
"Home","Subsection Heading (H3)","Item 27","Industry Leaders and Innovators","Các lãnh đạo ngành và đơn vị sáng chế",""
"Home","Paragraph","Item 28","If you build the technologies others depend on — from medical devices to educational platforms — HealthSyncX can be your local integration and deployment partner in Vietnam and across the Asia-Pacific.","Nếu bạn phát triển các giải pháp công nghệ mà nhiều người cần — từ thiết bị y tế đến nền tảng giáo dục — HealthSyncX là đối tác tích hợp và triển khai đáng tin cậy của bạn tại Việt Nam và khu vực Châu Á – Thái Bình Dương.",""
"Home","Paragraph","Item 29","We ensure your solutions reach real-world users efficiently, securely, and at scale.","Chúng tôi giúp giải pháp của bạn được triển khai đến người dùng thực tế một cách an toàn, hiệu quả và có thể mở rộng.",""
"Home","Section Heading (H2)","Item 30","Why Choose Us?","Vì sao chọn HealthSyncX?",""
"Home","Paragraph","Item 31","Integration that Delivers Measurable Results","Giải pháp tích hợp mang lại giá trị thực, có thể đo lường",""
"Home","Paragraph","Item 32","At HealthSyncX, integration isn't just about connecting systems — it's about unlocking measurable value across every part of your business:","Với HealthSyncX, tích hợp không chỉ là kết nối hệ thống — mà còn để mang lại giá trị thực ở nhiều mặt cho doanh nghiệp của bạn.",""
"Home","Text Content","Item 33","3.2x","Đem lại lợi nhuận gấp",""
"Home","Text Content","Item 34","Return on Investment for each","3,2 lần",""
"Home","Text Content","Item 35","$1","cho mỗi",""
"Home","Text Content","Item 36","invested in interoperability and workflow integration.","1 USD",""
"Home","Text Content","Item 37","25 – 35%","đầu tư vào tích hợp và tối ưu quy trình.",""
"Home","Text Content","Item 38","average operational cost reduction within 18 months.","Giảm trung bình",""
"Home","Text Content","Item 39","45%","25 – 35%",""
"Home","Text Content","Item 40","time savings in documentation and repetitive tasks.","chi phí vận hành chỉ sau 18 tháng.",""
"Home","Text Content","Item 41","50%","Tiết kiệm",""
"Home","Text Content","Item 42","lower support costs by avoiding vendor lock-in.","45%",""
"Home","Text Content","Item 43","61.7%","thời gian cho các công việc hành chính và thao tác lặp lại.",""
"Home","Text Content","Item 44","shorter hospital stays through optimized patient flow.","Cắt giảm",""
"Home","Text Content","Item 45","75%","50%",""
"Home","Text Content","Item 46","fewer no-shows with integrated communication tools.","chi phí hỗ trợ nhờ tránh bị phụ thuộc nhà cung cấp.",""
"Home","Text Content","Item 47","20%","Rút ngắn",""
"Home","Text Content","Item 48","higher profitability &","61,7%",""
"Home","Text Content","Item 49","25%","thời gian nằm viện nhờ quy trình cho bệnh nhân được tối ưu hóa.",""
"Home","Text Content","Item 50","higher productivity in manufacturing and logistics.","Giảm",""
"Home","Text Content","Item 51","Up to","75%",""
"Home","Text Content","Item 52","40%","số ca hẹn bị bỏ lỡ nhờ hệ thống liên lạc được kết nối đồng bộ.",""
"Home","Text Content","Item 53","administrative cost reduction in education via workflow automation.","Tăng",""
"Home","Text Content","Item 54","$500K – 1.3M","20%",""
"Home","Text Content","Item 55","annual savings per financial institution through connected systems.","lợi nhuận và",""
"Home","Text Content","Item 56","57%","25%",""
"Home","Text Content","Item 57","of hotels report revenue growth and","năng suất trong lĩnh vực sản xuất và cung ứng.",""
"Home","Text Content","Item 58","93%","Giảm đến",""
"Home","Text Content","Item 59","improved operations after digital integration.","40%",""
"Home","Paragraph","Item 60","→ Data backed by independent industry studies across healthcare, manufacturing, education, finance, and hospitality sectors.","chi phí hành chính trong giáo dục thông qua tự động hóa quy trình.",""
"Home","Section Heading (H2)","Item 61","What is People-First Systems Integration?","Mỗi tổ chức tài chính có thể tiết kiệm từ",""
"Home","Paragraph","Item 62","At HealthSyncX, we believe systems integration is more than just connecting technologies. True integration requires a holistic approach that puts people at the center of every solution.","500.000 đến 1,3 triệu USD",""
"Home","Subsection Heading (H3)","Item 63","Hardware & Devices","mỗi năm nhờ hệ thống được kết nối hiệu quả.",""
"Home","Paragraph","Item 64","Medical devices, IoT sensors, equipment, and physical infrastructure","57%",""
"Home","Subsection Heading (H3)","Item 65","Software & Digital Solutions","khách sạn ghi nhận doanh thu tăng và",""
"Home","Paragraph","Item 66","EMR/EHR systems, PACS, management platforms, and applications","93%",""
"Home","Subsection Heading (H3)","Item 67","Networks & Cybersecurity","cải thiện hiệu suất vận hành sau khi triển khai tích hợp số.",""
"Home","Paragraph","Item 68","Secure connectivity, data protection, and infrastructure","→ Các số liệu được chứng minh qua nghiên cứu độc lập trong các ngành y tế, sản xuất, giáo dục, tài chính và dịch vụ khách hàng.",""
"Home","Subsection Heading (H3)","Item 69","Workflows & Processes","Tích hợp hệ thống với trọng tâm là con người là gì?",""
"Home","Paragraph","Item 70","Optimized processes that fit organizational culture and needs","Tại HealthSyncX, chúng tôi tin rằng tích hợp hệ thống không chỉ đơn thuần là kết nối công nghệ. Sự tích hợp thực sự đòi hỏi một cách tiếp cận toàn diện, nơi con người luôn là trọng tâm của mọi giải pháp.",""
"Home","Subsection Heading (H3)","Item 71","People - The Heart of Integration","Phần cứng và thiết bị",""
"Home","Paragraph","Item 72","Technology adoption readiness, comprehensive user training, ongoing support, and change management","Thiết bị y tế, cảm biến IoT, máy móc và hạ tầng vật lý",""
"Home","Subsection Heading (H3)","Item 73","Why People-First Matters","Phần mềm và giải pháp số",""
"Home","Paragraph","Item 74","The most sophisticated technology integration will fail without considering the people who will use it.","Hệ thống EMR/EHR, PACS, nền tảng quản lý và các ứng dụng hỗ trợ",""
"Home","Paragraph","Item 75","HealthSyncX assesses user readiness, designs intuitive workflows, provides comprehensive training, and ensures ongoing support - because successful integration means successful adoption.","Mạng và bảo mật",""
"Home","Section Heading (H2)","Item 76","Our Core Services","Kết nối an toàn, bảo vệ dữ liệu và hạ tầng mạng đáng tin cậy",""
"Home","Paragraph","Item 77","People-centered consultancy services designed to help you navigate technology challenges and opportunities","Quy trình và luồng công việc",""
"Home","Subsection Heading (H3)","Item 78","Holistic Systems Integration","Quy trình được tối ưu để phù hợp với văn hóa và nhu cầu thực tế của tổ chức",""
"Home","Paragraph","Item 79","Comprehensive integration planning that encompasses hardware, software, networks, workflows, AND people - ensuring adoption success through training and support.","Con người – Trái tim của quá trình tích hợp",""
"Home","Link Text","Item 80","Learn More →","Sự sẵn sàng cho việc áp dụng công nghệ, chương trình đào tạo toàn diện, hỗ trợ liên tục và quản lý thay đổi hiệu quả",""
"Home","Subsection Heading (H3)","Item 81","Workflow Optimization","Vì sao việc lấy con người làm trọng tâm lại quan trọng?",""
"Home","Paragraph","Item 82","Process analysis and redesign that respects organizational culture while introducing efficiency improvements. We optimize for both technology and people.","Dù công nghệ có tiên tiến đến đâu, việc tích hợp sẽ thất bại nếu không tính đến những người trực tiếp sử dụng nó.",""
"Home","Link Text","Item 83","Learn More →","HealthSyncX đánh giá mức độ sẵn sàng của người dùng, thiết kế quy trình trực quan, cung cấp đào tạo toàn diện và hỗ trợ liên tục – vì chúng tôi hiểu rằng tích hợp hiệu quả chỉ xảy ra khi người dùng thật sự chấp nhận và sử dụng thành công.",""
"Home","Subsection Heading (H3)","Item 84","Training & Capacity Building","Các dịch vụ chính",""
"Home","Paragraph","Item 85","Comprehensive user training, adoption support, and capacity building to ensure your team can effectively use and maintain integrated systems.","Dịch vụ tư vấn lấy con người làm trung tâm, giúp doanh nghiệp giải quyết thách thức và tận dụng cơ hội công nghệ.",""
"Home","Link Text","Item 86","Learn More →","Tích hợp hệ thống toàn diện",""
"Home","Subsection Heading (H3)","Item 87","Product Development","Lập kế hoạch tích hợp toàn diện bao gồm phần cứng, phần mềm, mạng lưới, quy trình và cả con người – đảm bảo việc triển khai hiệu quả nhờ đào tạo và hỗ trợ sát sao.",""
"Home","Paragraph","Item 88","Partnering with healthcare innovators to transform ideas into market-ready solutions through comprehensive product development support, from concept validation to market entry.","Tìm hiểu thêm →",""
"Home","Link Text","Item 89","Learn More →","Tối ưu hóa quy trình",""
"Home","Label/Badge","Item 90","Focus Area","Phân tích và cải tiến quy trình dựa trên văn hóa tổ chức, mang lại hiệu quả cao hơn. Chúng tôi thực hiện tối ưu hóa cho cả công nghệ lẫn yếu tố con người.",""
"Home","Section Heading (H2)","Item 91","Healthcare Expertise","Tìm hiểu thêm →",""
"Home","Paragraph","Item 92","With a background in medical imaging and healthcare technology, we bring specialized knowledge to integration challenges. Our people-first consultancy helps you navigate the complexities of medical device connectivity, patient data management, and regulatory compliance while ensuring clinical staff are prepared and supported.","Đào tạo và phát triển năng lực",""
"Home","Minor Heading (H4)","Item 93","Enhanced Patient Care","Chương trình đào tạo người dùng toàn diện, hỗ trợ áp dụng thực tế và phát triển năng lực để đội ngũ của bạn sử dụng và vận hành hệ thống tích hợp một cách hiệu quả.",""
"Home","Paragraph","Item 94","Streamline operations and improve efficiency while ensuring clinical staff can focus on patient care, not technology struggles.","Tìm hiểu thêm →",""
"Home","Minor Heading (H4)","Item 95","Security & Compliance","Phát triển sản phẩm",""
"Home","Paragraph","Item 96","Ensure robust security and compliance with local and international laws, regulations, and industry standards.","Hợp tác với các chuyên gia đổi mới trong lĩnh vực y tế để biến ý tưởng thành sản phẩm sẵn sàng ra thị trường, với hỗ trợ trọn gói từ giai đoạn kiểm chứng ý tưởng đến thương mại hóa.",""
"Home","Minor Heading (H4)","Item 97","Digital Transformation","Tìm hiểu thêm →",""
"Home","Paragraph","Item 98","Accelerate digital transformation with user-centered implementation that ensures clinical staff adoption and satisfaction.","Lĩnh vực trọng điểm",""
"Home","Section Heading (H2)","Item 99","Industries We Serve","Chuyên môn trong ngành y tế",""
"Home","Paragraph","Item 100","Specialized healthcare expertise with proven solutions across diverse sectors","Với nền tảng chuyên sâu về hình ảnh y khoa và công nghệ y tế, chúng tôi mang đến kiến thức thực tiễn để giải quyết các thách thức trong quá trình tích hợp. Cách tiếp cận “lấy con người làm trung tâm” giúp bạn xử lý tốt việc kết nối thiết bị, quản lý dữ liệu bệnh nhân và tuân thủ quy định, đồng thời bảo đảm đội ngũ y tế được hỗ trợ đầy đủ.",""
"Home","Subsection Heading (H3)","Item 101","Healthcare","Nâng cao chất lượng chăm sóc bệnh nhân",""
"Home","Paragraph","Item 102","Specialized medical device integration, EMR/EHR systems, and clinical workflow optimization","Đơn giản hóa quy trình vận hành và tăng hiệu quả làm việc, giúp nhân viên y tế tập trung hơn vào việc chăm sóc bệnh nhân thay vì phải loay hoay với công nghệ.",""
"Home","Subsection Heading (H3)","Item 103","Beauty Tech","Bảo mật và tuân thủ quy định",""
"Home","Paragraph","Item 104","Digital transformation and quality systems for beauty and personal care clinics","Đảm bảo hệ thống luôn an toàn và tuân thủ các tiêu chuẩn, quy định của ngành ở cả trong nước và quốc tế.",""
"Home","Subsection Heading (H3)","Item 105","Other Industries","Chuyển đổi số",""
"Home","Paragraph","Item 106","Custom integration solutions for education, manufacturing, finance, retail, logistics, hospitality, and other diverse sectors","Đẩy nhanh quá trình chuyển đổi số với phương pháp triển khai lấy người dùng làm trung tâm, giúp đội ngũ y tế dễ dàng tiếp nhận và hài lòng khi sử dụng.",""
"Home","Section Heading (H2)","Item 107","Free 30-Minute Strategy Session","Các lĩnh vực chúng tôi phục vụ",""
"Home","Paragraph","Item 108","Explore your technology integration challenges with our expert. Get preliminary feedback and actionable insights - no commitment required.","Kinh nghiệm chuyên sâu trong lĩnh vực y tế cùng các giải pháp đã được kiểm chứng ở nhiều ngành nghề khác nhau",""
"Home","Link Text","Item 109","Book Your Free Session","Y tế",""
"Home","Paragraph","Item 110","","Tích hợp thiết bị y tế chuyên dụng, hệ thống EMR/EHR và tối ưu hóa quy trình lâm sàng",""
"Home","Subsection Heading (H3)","Item 111","","Công nghệ làm đẹp",""
"Home","Paragraph","Item 112","","Giải pháp chuyển đổi số và hệ thống quản lý chất lượng cho các phòng khám và trung tâm chăm sóc sắc đẹp",""
"Home","Subsection Heading (H3)","Item 113","","Các ngành khác",""
"Home","Paragraph","Item 114","","Giải pháp tích hợp tùy chỉnh cho các ngành giáo dục, sản xuất, tài chính, bán lẻ, cung ứng, khách sạn và nhiều lĩnh vực khác",""
"Home","Section Heading (H2)","Item 115","","Đăng ký 30 phút tư vấn miễn phí",""
"Home","Paragraph","Item 116","","Cùng chuyên gia của chúng tôi trao đổi về những thách thức trong việc tích hợp công nghệ của bạn. Nhận phản hồi nhanh và gợi ý giải pháp thực tế – hoàn toàn miễn phí, không ràng buộc.",""
"Home","Link Text","Item 117","","Đặt lịch tư vấn miễn phí",""
"About Us","SEO - Page Title","Meta Tag","About Us","Về chúng tôi","Browser tab title"
"About Us","SEO - Meta Description","Meta Tag","Learn about HealthSyncX","Tìm hiểu về tầm nhìn, sứ mệnh và câu chuyện của HealthSyncX. Xây dựng tương lai thông qua tư vấn chuyên gia về tích hợp hệ thống và hợp tác.","Search engine description"
"About Us","Section Heading (H2)","Item 1","Our Vision","Tầm nhìn",""
"About Us","Paragraph","Item 2","To create a world where healthcare ecosystems are seamlessly connected — where technology, data, and human collaboration work in harmony to deliver smarter, more efficient, more equitable, and compassionate care for everyone.","Xây dựng một thế giới nơi các hệ sinh thái y tế được kết nối liền mạch — nơi công nghệ, dữ liệu và con người phối hợp hài hòa để mang lại dịch vụ chăm sóc sức khỏe thông minh, hiệu quả, công bằng, và nhân văn hơn cho tất cả mọi người.",""
"About Us","Section Heading (H2)","Item 3","Our Mission","Sứ mệnh",""
"About Us","Paragraph","Item 4","To bridge the gaps in today's fragmented healthcare ecosystem by synchronizing technologies, systems, workflows, and people — creating connected, intelligent, and human-centered solutions that make healthcare more efficient, collaborative, and accessible across Asia-Pacific and beyond.","Kết nối các mảnh ghép rời rạc trong hệ sinh thái y tế ngày nay bằng cách đồng bộ hóa các công nghệ, hệ thống, quy trình và con người — tạo ra các giải pháp thông minh, kết nối và lấy con người làm trọng tâm, giúp việc chăm sóc sức khỏe trở nên hiệu quả, hợp tác suôn sẻ, và dễ tiếp cận hơn tại khu vực Châu Á – Thái Bình Dương và trên toàn cầu.",""
"About Us","Section Heading (H2)","Item 5","About HealthSyncX","Về HealthSyncX",""
"About Us","Paragraph","Item 6","HealthSyncX Co., Ltd was founded to bridge the gaps in today's fragmented healthcare ecosystem. We believe that true progress in healthcare begins when technology, systems, workflows, and people work in harmony — creating seamless connections that enable better decisions, stronger collaboration, and more compassionate care.","HealthSyncX được thành lập với sứ mệnh thu hẹp khoảng cách trong hệ sinh thái y tế phân mảnh hiện nay. Chúng tôi tin rằng sự tiến bộ thực sự trong y tế bắt đầu khi công nghệ, hệ thống, quy trình và con người hoạt động hài hòa với nhau — tạo sự kết nối liền mạch để giúp đưa ra những quyết định tốt hơn, tăng cường hợp tác và mang lại sự chăm sóc sức khỏe nhân văn hơn.",""
"About Us","Paragraph","Item 7","At HealthSyncX, we focus on transforming complexity into clarity. Our approach integrates engineering expertise, digital innovation, and human-centered design to help organizations align their technologies, data, and workflows. Whether you are a healthcare provider, research institution, or enterprise seeking to modernize your operations, we tailor solutions that fit your unique goals and realities.","Cùng HealthSyncX, chúng tôi giúp chuyển mọi rắc rối phức tạp sang cách giải quyết rõ ràng. Bằng cách kết hợp chuyên môn kỹ thuật, đổi mới số và tư duy thiết kế lấy con người làm trung tâm, chúng tôi giúp các tổ chức đồng bộ công nghệ, dữ liệu và quy trình vận hành. Dù bạn là bệnh viện, tổ chức nghiên cứu hay doanh nghiệp đang muốn hiện đại hóa hoạt động, HealthSyncX sẽ tùy chỉnh giải pháp phù hợp với mục tiêu và thực tế của bạn.",""
"About Us","Paragraph","Item 8","Our work spans technology integration, digital transformation, research collaboration, and professional training — always guided by the belief that innovation must serve people first. We partner with hospitals, universities, and industry innovators across Asia-Pacific to co-create sustainable and secure ecosystems that enhance quality, efficiency, and trust.","Công việc của chúng tôi bao gồm tích hợp công nghệ, chuyển đổi số, hợp tác nghiên cứu và đào tạo chuyên nghiệp — cùng niềm tin rằng sự đổi mới phải phục vụ con người trước tiên mới có thể đạt giá trị hiệu quả. Chúng tôi hợp tác cùng các bệnh viện, trường đại học và các nhà sáng tạo đổi mới trong khu vực Châu Á – Thái Bình Dương để cùng xây dựng hệ sinh thái y tế bền vững, an toàn và đáng tin cậy.",""
"About Us","Quote","Item 9","""Synchronizing technology, systems, workflows, and people — for better healthcare everywhere.""","""Đồng bộ hóa công nghệ, hệ thống, quy trình và con người — để nâng cao chăm sóc sức khỏe ở mọi nơi.""",""
"About Us","Section Heading (H2)","Item 10","HealthSyncX's Core Values","Giá trị cốt lõi của HealthSyncX",""
"About Us","Subsection Heading (H3)","Item 11","Mission-Driven","Tập trung vào sứ mệnh",""
"About Us","Paragraph","Item 12","Dedicated to transforming operations through seamless technology integration","Cam kết nâng cao hiệu quả hoạt động thông qua tích hợp công nghệ linh hoạt và liền mạch.",""
"About Us","Subsection Heading (H3)","Item 13","Excellence","Chất lượng xuất sắc",""
"About Us","Paragraph","Item 14","Committed to delivering the highest quality solutions and services","Nỗ lực mang đến các giải pháp và dịch vụ chất lượng cao nhất.",""
"About Us","Subsection Heading (H3)","Item 15","Client-Focused","Khách hàng là trọng tâm",""
"About Us","Paragraph","Item 16","Building lasting partnerships through trust and collaboration","Xây dựng mối quan hệ hợp tác lâu dài dựa trên sự tin cậy và đồng hành cùng phát triển.",""
"About Us","Subsection Heading (H3)","Item 17","Innovation","Luôn sáng tạo đổi mới",""
"About Us","Paragraph","Item 18","Leveraging proven and emerging technologies to solve complex challenges","Ứng dụng những công nghệ đã được kiểm chứng tính hiệu quả và công nghệ mới để giải quyết những thách thức phức tạp đặc thù theo chuyên ngành.",""
"About Us","Section Heading (H2)","Item 19","Meet Our Founder","Gặp gỡ người sáng lập",""
"About Us","Subsection Heading (H3)","Item 20","Long 'Leo' Phi Dang","Đặng Phi Long (Leo)",""
"About Us","Paragraph","Item 21","Founder & CEO","Người sáng lập & CEO",""
"About Us","Label/Badge","Item 22","Oxford","Oxford",""
"About Us","Paragraph","Item 23","MSc Biomedical Engineering","Thạc sĩ Kỹ thuật Y sinh",""
"About Us","Paragraph","Item 24","University of Oxford, England","Đại học Oxford, Anh",""
"About Us","Paragraph","Item 26","MEng Telecommunication Engineering","Thạc sĩ Kỹ thuật Viễn thông",""
"About Us","Paragraph","Item 27","University of Melbourne, Australia","Đại học Melbourne, Úc",""
"About Us","Label/Badge","Item 28","UCLA","UCLA",""
"About Us","Paragraph","Item 29","BSc Electrical Engineering","Cử nhân Kỹ thuật Điện-Điện tử",""
"About Us","Paragraph","Item 30","University of California - Los Angeles, USA","Đại học California - Los Angeles, Mỹ",""
"About Us","Label/Badge","Item 31","ASQA","ASQA",""
"About Us","Paragraph","Item 32","Nationally Certified Trainer","Giảng viên được chứng nhận quốc gia",""
"About Us","Paragraph","Item 33","Australian Skills Quality Authority (ASQA)","Cơ quan Chất lượng Kỹ năng Úc (ASQA)",""
"About Us","Label/Badge","Item 34","UIUC","UIUC",""
"About Us","Paragraph","Item 35","Strategic Leadership and Management","Chứng chỉ lãnh đạo và quản lý chiến lược",""
"About Us","Paragraph","Item 36","University of Illinois, USA","Đại học Illinois, Mỹ",""
"About Us","Label/Badge","Item 37","ICL","ICL",""
"About Us","Paragraph","Item 38","Digital Health Specialization","Chứng chỉ chuyên môn y tế số",""
"About Us","Paragraph","Item 39","Imperial College London, England","Imperial College London, Anh",""
"About Us","Label/Badge","Item 40","Stanford","Stanford",""
"About Us","Paragraph","Item 41","AI in Healthcare Specialization","Chứng chỉ chuyên môn AI cho y tế",""
"About Us","Paragraph","Item 42","Stanford University, USA","Đại học Stanford, Mỹ",""
"About Us","Label/Badge","Item 43","JHU","JHU",""
"About Us","Paragraph","Item 44","AI for Cybersecurity Specialization","Chứng chỉ chuyên môn AI cho an ninh mạng",""
"About Us","Paragraph","Item 45","Johns Hopkins University, USA","Đại học Johns Hopkins, Mỹ",""
"About Us","Text Content","Item 46","Connect","Kết nối",""
"About Us","Quote","Item 47","""What if the real cure for healthcare's complexity lies not in more new technologies, but in connecting what already exists — current technologies, systems, workflows, and people?""","“Nếu giải pháp thật sự cho các vấn đề nan giải trong y tế không nằm ở việc phát triển thêm các công nghệ mới, mà ở việc kết nối những gì đã có — công nghệ hiện tại, các hệ thống, quy trình và con người — thì chúng ta cần làm gì?”",""
"About Us","Paragraph","Item 48","As a globally experienced engineer, researcher, and technology leader with over 20 years of professional and academic experience across Asia, Oceania, Europe, and North America, I've seen how fragmented healthcare systems affect not only efficiency but also human well-being.","Với tư cách là một kỹ sư, nghiên cứu viên, và là người lãnh đạo công nghệ, cùng hơn 20 năm kinh nghiệm làm việc và đào tạo tại Châu Á, Châu Đại Dương, Châu Âu và Bắc Mỹ, tôi đã chứng kiến các ảnh hưởng tiêu cực của hệ thống y tế bị phân mảnh hiện nay đến hiệu quả hoạt động và chất lượng chăm sóc sức khỏe cho mọi người.",""
"About Us","Paragraph","Item 49","Having lived and worked in Vietnam, Australia, New Zealand, the United Kingdom, and the United States, I bring a uniquely international perspective on how science, technology, and people can harmonize to improve healthcare outcomes.","Qua quá trình sống và làm việc tại Việt Nam, Úc, New Zealand, Anh, và Mỹ, tôi nhận định rằng sự kết hợp hài hòa giữa khoa học, công nghệ và con người có thể cải thiện chất lượng y tế một cách mạnh mẽ.",""
"About Us","Paragraph","Item 50","HealthSyncX Co., Ltd was founded to bridge the gaps that exist across today's fragmented healthcare ecosystem. It was born from a simple yet powerful vision —","Công ty TNHH HealthSyncX được thành lập để giúp lấp các khoảng trống đang tồn tại trong hệ sinh thái y tế phân mảnh ngày nay. HealthSyncX ra đời từ một tầm nhìn đơn giản nhưng quan trọng —",""
"About Us","Text Content","Item 51","to synchronize technology, systems, workflows, and people for better healthcare everywhere","giúp đồng bộ hóa công nghệ, hệ thống, quy trình và con người để mang lại dịch vụ y tế tốt hơn cho mọi nơi",""
"About Us","Paragraph","Item 53","For me, integration means more than linking devices or software; it's about connecting hearts, minds, and expertise across disciplines and borders to create healthcare solutions that are intelligent, collaborative, and human-centered.","Đối với tôi, tích hợp không chỉ là liên kết các thiết bị hoặc phần mềm; mà còn là việc kết nối trái tim, khối óc ở các chuyên môn đa ngành và xuyên biên giới để tạo ra các giải pháp y tế thông minh, tăng cường hợp tác và lấy con người làm trung tâm.",""
"About Us","Paragraph","Item 54","My work combines deep technical knowledge, strategic leadership, and a holistic understanding of the healthcare ecosystem — enabling HealthSyncX to design innovations that are not only cutting-edge but also practical, sustainable, and meaningful to the people who rely on them.","Công việc của tôi kết hợp kiến thức kỹ thuật chuyên sâu, lãnh đạo chiến lược và sự hiểu biết toàn diện về hệ sinh thái y tế — giúp HealthSyncX thiết kế và triển khai các sáng tạo đổi mới không chỉ tiên tiến mà còn thực tế, bền vững và có ý nghĩa cho mọi người.",""
"About Us","Minor Heading (H4)","Item 55","Core Expertise","Chuyên môn",""
"About Us","Paragraph","Item 56","Systems Integration","Tích hợp hệ thống",""
"About Us","Paragraph","Item 57","Medical Imaging","Hình ảnh y khoa",""
"About Us","Paragraph","Item 58","Healthcare IT","Công nghệ thông tin y tế",""
"About Us","Paragraph","Item 59","Technical Consultancy","Tư vấn kỹ thuật",""
"About Us","Paragraph","Item 60","Research Collaboration","Hợp tác nghiên cứu",""
"Services","SEO - Page Title","Meta Tag","Our Services","Dịch vụ","Browser tab title"
"Services","SEO - Meta Description","Meta Tag","People-centered consultancy services: Holistic Systems Integration, Workflow Optimization, Training & Capacity Building, and Product Development.","Dịch vụ tư vấn lấy con người làm trung tâm: Tích hợp Hệ thống Toàn diện, Tối ưu hóa Quy trình, Đào tạo & Phát triển Năng lực, Phát triển Sản phẩm.","Search engine description"
"Services","Main Heading (H1)","Item 1","Our Core Services","Các dịch vụ chính",""
"Services","Paragraph","Item 2","People-centered consultancy services designed to help you navigate technology challenges and opportunities","Dịch vụ tư vấn lấy con người làm trọng tâm được thiết kế để giúp bạn vượt qua thách thức và tận dụng cơ hội công nghệ một cách hiệu quả.",""
"Services","Subsection Heading (H3)","Item 3","Holistic Systems Integration","Tích hợp hệ thống toàn diện",""
"Services","Paragraph","Item 4","Comprehensive integration planning that encompasses hardware, software, networks, workflows, AND people - ensuring adoption success through independent guidance, training, and support.","Lập kế hoạch tích hợp tổng thể bao gồm phần cứng, phần mềm, kết nối mạng, quy trình và con người – để bảo đảm triển khai thành công nhờ hướng dẫn độc lập, chương trình đào tạo và hỗ trợ thực tế.",""
"Services","Label/Badge","Item 5","Independent technology assessment & vendor-neutral recommendations","Đánh giá công nghệ và đưa ra khuyến nghị trung lập, không phụ thuộc nhà cung cấp.",""
"Services","Label/Badge","Item 6","Hardware, software, and network infrastructure integration","Tích hợp đồng bộ phần cứng, phần mềm và hạ tầng mạng.",""
"Services","Label/Badge","Item 7","Organization workflow analysis & alignment","Phân tích và điều chỉnh quy trình hoạt động của tổ chức.",""
"Services","Label/Badge","Item 8","User readiness evaluation & capability assessment","Đánh giá mức độ sẵn sàng và năng lực của người dùng.",""
"Services","Label/Badge","Item 9","Change management planning & Return on Investment analysis","Lập kế hoạch quản lý thay đổi và phân tích lợi tức đầu tư (ROI).",""
"Services","Subsection Heading (H3)","Item 10","Workflow Optimization","Tối ưu hóa quy trình làm việc",""
"Services","Paragraph","Item 11","Process analysis and redesign that respects organizational culture while introducing efficiency improvements. We optimize for both technology and people.","Phân tích và cải tiến quy trình dựa trên văn hóa doanh nghiệp, hướng đến hiệu quả cao hơn. Tối ưu hóa đồng thời cho cả công nghệ lẫn con người.",""
"Services","Label/Badge","Item 12","Process mapping & analysis","Lập sơ đồ và phân tích quy trình.",""
"Services","Label/Badge","Item 13","Bottleneck identification","Xác định điểm nghẽn trong vận hành.",""
"Services","Label/Badge","Item 14","Culture-sensitive redesign","Thiết kế lại quy trình phù hợp với đặc thù văn hóa tổ chức.",""
"Services","Label/Badge","Item 15","Efficiency improvement strategies","Chiến lược nâng cao hiệu quả làm việc.",""
"Services","Label/Badge","Item 16","Technology-enabled optimization","Tối ưu hóa quy trình với sự hỗ trợ của công nghệ.",""
"Services","Subsection Heading (H3)","Item 17","Training & Capacity Building","Đào tạo và phát triển năng lực",""
"Services","Paragraph","Item 18","Comprehensive user training, adoption support, and capacity building to ensure your team can effectively use and maintain integrated systems.","Cung cấp chương trình đào tạo toàn diện, hỗ trợ triển khai và phát triển năng lực để đội ngũ của bạn có thể vận hành hệ thống tích hợp một cách hiệu quả nhất.",""
"Services","Label/Badge","Item 19","Comprehensive user training programs","Các chương trình đào tạo người dùng toàn diện.",""
"Services","Label/Badge","Item 20","Technology adoption workshops","Các buổi thực hành áp dụng công nghệ.",""
"Services","Label/Badge","Item 21","Ongoing support & troubleshooting","Hỗ trợ kỹ thuật và khắc phục sự cố liên tục.",""
"Services","Label/Badge","Item 22","Capacity building initiatives","Chủ động phát triển năng lực đội ngũ.",""
"Services","Label/Badge","Item 23","Knowledge transfer sessions","Chia sẻ và chuyển giao kiến thức.",""
"Services","Subsection Heading (H3)","Item 24","Product Development","Phát triển sản phẩm",""
"Services","Paragraph","Item 25","Partnering with healthcare innovators to transform ideas into market-ready solutions through comprehensive product development support, from concept validation to market entry.","Hợp tác với các chuyên gia đổi mới trong lĩnh vực y tế để biến ý tưởng thành sản phẩm sẵn sàng thương mại hóa, với sự hỗ trợ toàn diện từ giai đoạn kiểm chứng ý tưởng đến khi đưa ra thị trường.",""
"Services","Label/Badge","Item 26","Concept & feasibility assessment","Đánh giá ý tưởng và tính khả thi của sản phẩm.",""
"Services","Label/Badge","Item 27","User needs analysis & validation","Phân tích và xác thực nhu cầu của người dùng.",""
"Services","Label/Badge","Item 28","Regulatory compliance guidance","Hướng dẫn tuân thủ các quy định pháp lý.",""
"Services","Label/Badge","Item 29","Prototype development support","Hỗ trợ phát triển và hoàn thiện nguyên mẫu.",""
"Services","Label/Badge","Item 30","Market entry strategy","Chiến lược thâm nhập thị trường hiệu quả.",""
"Services","Section Heading (H2)","Item 31","Free 30-Minute Strategy Session","Đăng ký 30 phút tư vấn miễn phí",""
"Services","Paragraph","Item 32","Explore your technology integration challenges with our expert. Get preliminary feedback and actionable insights - no commitment required.","Trao đổi cùng chuyên gia của chúng tôi về những thách thức trong việc tích hợp công nghệ của bạn. Nhận phản hồi nhanh và gợi ý giải pháp thực tế – hoàn toàn miễn phí, không ràng buộc.",""
"Services","Link Text","Item 33","Book Your Free Session","Đặt lịch tư vấn",""
"Solutions","SEO - Page Title","Meta Tag","Industry Solutions","Giải pháp Ngành","Browser tab title"
"Solutions","SEO - Meta Description","Meta Tag","People-first systems integration solutions for Healthcare, Beauty Tech, and diverse industry sectors across APAC region.","Giải pháp tích hợp hệ thống lấy con người làm trung tâm cho Y tế, Công nghệ Làm đẹp, và các ngành công nghiệp đa dạng ở khu vực APAC.","Search engine description"
"Solutions","Main Heading (H1)","Item 1","Industry Solutions","Giải pháp chuyên ngành",""
"Solutions","Paragraph","Item 2","We understand the unique integration challenges across different sectors","Chúng tôi am hiểu sâu sắc các thách thức đặc thù trong việc tích hợp hệ thống ở các chuyên ngành khác nhau.",""
"Solutions","Subsection Heading (H3)","Item 3","Healthcare","Y tế",""
"Solutions","Paragraph","Item 4","Comprehensive systems integration for modern healthcare facilities","Giải pháp tích hợp hệ thống toàn diện cho các cơ sở y tế hiện đại.",""
"Solutions","Label/Badge","Item 5","Hospital Information Systems (HIS) integration","Tích hợp hệ thống thông tin bệnh viện (HIS).",""
"Solutions","Label/Badge","Item 6","Medical device connectivity and data management","Kết nối thiết bị y tế và quản lý dữ liệu hiệu quả.",""
"Solutions","Label/Badge","Item 7","Telemedicine platform implementation","Triển khai nền tảng y tế từ xa.",""
"Solutions","Label/Badge","Item 8","Patient data security and compliance","Bảo mật dữ liệu bệnh nhân và tuân thủ các quy định y tế.",""
"Solutions","Label/Badge","Item 9","Healthcare workflow optimization","Tối ưu hóa quy trình làm việc trong chăm sóc sức khỏe.",""
"Solutions","Subsection Heading (H3)","Item 10","Beauty Tech","Công nghệ Làm đẹp",""
"Solutions","Paragraph","Item 11","Technology and device integration for product quality control and data management","Giải pháp tích hợp công nghệ và thiết bị giúp kiểm soát chất lượng sản phẩm và quản lý dữ liệu hiệu quả.",""
"Solutions","Label/Badge","Item 12","Quality control device integration and data capture","Tích hợp thiết bị kiểm soát chất lượng và thu thập dữ liệu tự động.",""
"Solutions","Label/Badge","Item 13","Product testing and analysis equipment connectivity","Kết nối thiết bị kiểm nghiệm và phân tích sản phẩm.",""
"Solutions","Label/Badge","Item 14","Laboratory information management systems (LIMS)","Hệ thống quản lý thông tin phòng thí nghiệm (LIMS).",""
"Solutions","Label/Badge","Item 15","Traceability and compliance data management","Quản lý dữ liệu cho truy xuất nguồn gốc và tuân thủ tiêu chuẩn.",""
"Solutions","Label/Badge","Item 16","Real-time quality monitoring and reporting","Giám sát và báo cáo chất lượng theo thời gian thực.",""
"Solutions","Subsection Heading (H3)","Item 17","Other Industries","Các ngành khác",""
"Solutions","Paragraph","Item 18","Systems integration solutions for diverse sectors beyond our core focus areas","Giải pháp tích hợp linh hoạt cho nhiều ngành nghề khác ngoài các lĩnh vực trọng điểm của chúng tôi.",""
"Solutions","Label/Badge","Item 19","Education technology and learning management systems","Giải pháp công nghệ giáo dục và hệ thống quản lý học tập.",""
"Solutions","Label/Badge","Item 20","Manufacturing and production management systems","Giải pháp cho hệ thống quản lý sản xuất và vận hành nhà máy.",""
"Solutions","Label/Badge","Item 21","Retail and e-commerce platforms","Giải pháp cho ngành bán lẻ và thương mại điện tử.",""
"Solutions","Label/Badge","Item 22","Financial services and logistics","Giải pháp tích hợp cho ngành tài chính và logistics.",""
"Solutions","Label/Badge","Item 23","Hospitality and custom solutions","Giải pháp tùy chỉnh cho lĩnh vực khách sạn và dịch vụ.",""
"Solutions","Section Heading (H2)","Item 24","Free 30-Minute Strategy Session","Đăng ký 30 phút tư vấn miễn phí",""
"Solutions","Paragraph","Item 25","Explore your technology integration challenges with our expert. Get preliminary feedback and actionable insights - no commitment required.","Trao đổi cùng chuyên gia của chúng tôi về những thách thức trong việc tích hợp công nghệ của bạn. Nhận phản hồi nhanh và gợi ý giải pháp thực tế – hoàn toàn miễn phí, không ràng buộc.",""
"Solutions","Link Text","Item 26","Book Your Free Session","Đặt lịch tư vấn",""
"Collaboration","SEO - Page Title","Meta Tag","Partnership Opportunities","Cơ hội Hợp tác","Browser tab title"
"Collaboration","SEO - Meta Description","Meta Tag","Partner with HealthSyncX for collaboration opportunities in healthcare technology, systems integration, and research across APAC region.","Hợp tác với HealthSyncX cho các cơ hội hợp tác trong công nghệ y tế, tích hợp hệ thống và nghiên cứu trên khu vực APAC.","Search engine description"
"Collaboration","Main Heading (H1)","Item 1","Partner with HealthSyncX","Hợp tác cùng HealthSyncX",""
"Collaboration","Paragraph","Item 2","Expand your reach in Vietnam and the APAC region through strategic partnership","Mở rộng phạm vi hoạt động tại Việt Nam và khu vực Châu Á – Thái Bình Dương bằng hợp tác chiến lược.",""
"Collaboration","Section Heading (H2)","Item 3","Why Partner with Us?","Vì sao nên hợp tác với chúng tôi?",""
"Collaboration","Paragraph","Item 4","We bring deep local expertise, international experience, and a proven track record in healthcare technology integration across the APAC region. Our partnerships are built on shared vision, mutual trust, and commitment to delivering value.","Chúng tôi kết hợp kinh nghiệm quốc tế, am hiểu thị trường địa phương và thành tích đã được chứng minh trong lĩnh vực tích hợp công nghệ y tế trên toàn khu vực Châu Á – Thái Bình Dương. Các mối quan hệ hợp tác đều dựa trên tầm nhìn chung, sự tin cậy và cam kết mang lại giá trị thực tế.",""
"Collaboration","Subsection Heading (H3)","Item 5","Local Market Expertise","Hiểu biết sâu về thị trường địa phương",""
"Collaboration","Paragraph","Item 6","Deep understanding of Vietnam and APAC healthcare markets, regulations, and user needs","Thấu hiểu thị trường y tế Việt Nam và khu vực APAC, nắm rõ quy định, nhu cầu và xu hướng của người dùng.",""
"Collaboration","Subsection Heading (H3)","Item 7","Established Network","Mạng lưới đối tác vững mạnh",""
"Collaboration","Paragraph","Item 8","Strong relationships with healthcare providers, universities, and technology partners","Sở hữu mối quan hệ chặt chẽ với các nhà cung cấp dịch vụ y tế, trường đại học và đối tác công nghệ hàng đầu.",""
"Collaboration","Subsection Heading (H3)","Item 9","Technical Excellence","Năng lực kỹ thuật vượt trội",""
"Collaboration","Paragraph","Item 10","Advanced expertise in biomedical engineering, healthcare IT, and integration systems","Chuyên môn sâu trong kỹ thuật y sinh, CNTT y tế và các hệ thống tích hợp phức hợp.",""
"Collaboration","Subsection Heading (H3)","Item 11","Bilingual Support","Hỗ trợ song ngữ",""
"Collaboration","Paragraph","Item 12","Seamless communication in English and Vietnamese, bridging international partners with local teams","Giao tiếp trôi chảy bằng cả tiếng Anh và tiếng Việt, giúp kết nối các đối tác quốc tế với đội ngũ địa phương mà không gặp rào cản ngôn ngữ hay văn hóa.",""
"Collaboration","Section Heading (H2)","Item 14","New Zealand - Vietnam Bridge","Cầu nối công nghệ New Zealand – Việt Nam",""
"Collaboration","Paragraph","Item 16","HealthSyncX serves as a unique bridge between New Zealand's advanced healthcare innovation ecosystem and Vietnam's rapidly growing healthcare market. With operations in both countries, we understand the strengths, needs, and opportunities in each market. We help New Zealand companies navigate Vietnam's regulatory landscape and cultural context, while connecting Vietnamese organizations with world-class healthcare technologies and best practices from New Zealand.","HealthSyncX đóng vai trò là cầu nối giữa hệ sinh thái công nghệ y tế tiên tiến của New Zealand và thị trường y tế đang phát triển nhanh tại Việt Nam. Nhờ hoạt động tại cả hai quốc gia, chúng tôi hiểu rõ thế mạnh, nhu cầu và cơ hội của từng thị trường. HealthSyncX hỗ trợ doanh nghiệp New Zealand tiếp cận môi trường pháp lý và văn hóa Việt Nam, đồng thời giúp tổ chức Việt tiếp cận công nghệ và chuẩn mực y tế quốc tế từ New Zealand.",""
"Collaboration","Section Heading (H2)","Item 17","Partnership Opportunities","Các loại hình hợp tác",""
"Collaboration","Subsection Heading (H3)","Item 18","Technology Partner","Đối tác công nghệ",""
"Collaboration","Paragraph","Item 19","Medical device manufacturers, healthcare software providers, and technology innovators seeking to enter or expand in the APAC market","Các nhà sản xuất thiết bị y tế, đơn vị cung cấp phần mềm và doanh nghiệp đổi mới công nghệ muốn mở rộng sang thị trường khu vực Châu Á – Thái Bình Dương.",""
"Collaboration","Paragraph","Item 20","Market entry support • Regulatory guidance • Local distribution • Integration services • Innovation collaboration","Hỗ trợ tiếp cận thị trường • Tư vấn pháp lý • Phân phối nội địa • Dịch vụ tích hợp • Hợp tác sáng tạo đổi mới",""
"Collaboration","Subsection Heading (H3)","Item 21","Healthcare Innovation Partner","Đối tác đổi mới hệ thống y tế",""
"Collaboration","Paragraph","Item 22","Hospitals, clinics, research institutions, and healthcare providers looking for systems integration expertise and technology transformation support","Bệnh viện, phòng khám và tổ chức y tế muốn nâng cấp công nghệ, tích hợp hệ thống hoặc triển khai chương trình chuyển đổi số.",""
"Collaboration","Paragraph","Item 23","Technologies evaluation • Systems integration • Digital transformation • Training & support • Best practice guidance","Đánh giá lựa chọn công nghệ • Tích hợp các hệ thống • Chuyển đổi số • Đào tạo & hỗ trợ • Chia sẻ kinh nghiệm thực tiễn",""
"Collaboration","Subsection Heading (H3)","Item 24","Research & Education Partner","Đối tác nghiên cứu và giáo dục đào tạo",""
"Collaboration","Paragraph","Item 25","Universities, research centers, and educational institutions interested in collaborative projects, knowledge exchange, and capacity building","Các trường đại học, trung tâm nghiên cứu và cơ sở giáo dục mong muốn hợp tác nghiên cứu, chia sẻ kiến thức và phát triển năng lực.",""
"Collaboration","Paragraph","Item 26","Joint research • Knowledge exchange • Student programs • Innovation collaboration","Hợp tác nghiên cứu • Trao đổi kiến thức • Chương trình đào tạo sinh viên • Hợp tác sáng tạo đổi mới",""
"Collaboration","Section Heading (H2)","Item 27","Partner Inquiry","Tìm hiểu chi tiết về hợp tác",""
"Collaboration","Paragraph","Item 28","Interested in exploring partnership opportunities? Share your information and we'll be in touch to discuss how we can collaborate.","Nếu bạn quan tâm đến việc hợp tác, xin để lại thông tin bên dưới. Chúng tôi sẽ liên hệ để trao đổi chi tiết.",""
"Collaboration","Form Label","Item 29","Name *","Họ và tên *",""
"Collaboration","Form Label","Item 30","Email *","Email *",""
"Collaboration","Form Label","Item 31","Company/Organization *","Công ty/Tổ chức *",""
"Collaboration","Form Label","Item 32","Phone *","Điện thoại *",""
"Collaboration","Form Label","Item 33","Website (optional)","Website (nếu có)",""
"Collaboration","Form Label","Item 34","Partnership Interest *","Hình thức hợp tác *",""
"Collaboration","Text Content","Item 35","Select partnership type","Chọn hình thức hợp tác",""
"Collaboration","Text Content","Item 36","Technology Partner","Đối tác công nghệ",""
"Collaboration","Text Content","Item 37","Healthcare Innovation Partner","Đối tác đổi mới hệ thống y tế",""
"Collaboration","Text Content","Item 38","Research & Education Partner","Đối tác nghiên cứu và giáo dục đào tạo",""
"Collaboration","Text Content","Item 39","Other","Đối tác khác",""
"Collaboration","Form Label","Item 40","Tell us about your organization and partnership goals *","Hãy chia sẻ với chúng tôi về tổ chức và mục tiêu hợp tác của bạn *",""
"Collaboration","Form Label","Item 41","I consent to HealthSyncX using my submitted information to respond to my inquiry","Tôi đồng ý để HealthSyncX sử dụng thông tin tôi cung cấp để liên hệ và phản hồi yêu cầu của tôi.",""
"Collaboration","Text Content","Item 42","Submit Partnership Inquiry","Gửi yêu cầu hợp tác",""
"Our People","SEO - Page Title","Meta Tag","Our People","Đội ngũ","Browser tab title"
"Our People","SEO - Meta Description","Meta Tag","Meet the HealthSyncX team, partners, advisors, and collaborators building the future of healthcare technology integration.","Gặp gỡ đội ngũ HealthSyncX, đối tác, cố vấn và cộng tác viên xây dựng tương lai tích hợp công nghệ y tế.","Search engine description"
"Our People","Section Heading (H2)","Item 1","Core Team","Đội ngũ chính",""
"Our People","Paragraph","Item 2","Our dedicated team brings together expertise in biomedical engineering, healthcare IT, and systems integration.","Đội ngũ chuyên gia của chúng tôi kết hợp kiến thức về kỹ thuật y sinh, CNTT y tế và tích hợp hệ thống để mang đến những giải pháp toàn diện, hiệu quả và phù hợp với từng khách hàng.",""
"Our People","Section Heading (H2)","Item 3","Strategic Partners","Đối tác chiến lược",""
"Our People","Paragraph","Item 4","We collaborate with leading technology providers, healthcare organizations, and research institutions across the Asia-Pacific region.","Chúng tôi hợp tác cùng các nhà cung cấp công nghệ, tổ chức y tế và cơ sở nghiên cứu hàng đầu trong khu vực Châu Á – Thái Bình Dương để cùng mang chuyên môn toàn cầu đến các thị trường địa phương.",""
"Our People","Section Heading (H2)","Item 5","Advisory Board","Ban cố vấn",""
"Our People","Paragraph","Item 6","Our advisors provide strategic guidance across healthcare innovation, regulatory compliance, and market expansion.","Các nhà lãnh đạo ngành, giám đốc y tế và chuyên gia công nghệ của chúng tôi đóng vai trò cố vấn chiến lược, giúp HealthSyncX luôn bắt nhịp với xu hướng đổi mới, yêu cầu pháp lý và nhu cầu thị trường.",""
"Our People","Section Heading (H2)","Item 7","Research Collaborators","Đối tác nghiên cứu",""
"Our People","Paragraph","Item 8","We work closely with universities and research centers to advance healthcare technology integration and innovation.","Chúng tôi hợp tác chặt chẽ với các trường đại học và trung tâm nghiên cứu trong khu vực APAC để thúc đẩy phát triển công nghệ y tế và các sáng kiến đổi mới.",""
"Our People","Section Heading (H2)","Item 9","Join Our Network","Tham gia vào mạng lưới hợp tác của HealthSyncX",""
"Our People","Paragraph","Item 10","We're always looking for talented professionals, strategic partners, and research collaborators to join our mission of transforming healthcare through people-first systems integration.","HealthSyncX luôn chào đón các chuyên gia, đối tác chiến lược và cộng tác viên nghiên cứu cùng chung sứ mệnh đổi mới hệ thống y tế thông qua mô hình tích hợp lấy con người làm trung tâm.",""
"Our People","Link Text","Item 11","Partner With Us","Hợp tác cùng HealthSyncX",""
"Contact","SEO - Page Title","Meta Tag","Contact Us","Liên hệ","Browser tab title"
"Contact","SEO - Meta Description","Meta Tag","Contact HealthSyncX for expert systems integration consultancy. Free 30-minute consultation available. Serving Vietnam & APAC Region.","Liên hệ với HealthSyncX để được tư vấn chuyên môn về tích hợp hệ thống. Tư vấn miễn phí 30 phút. Phục vụ Việt Nam & Khu vực APAC.","Search engine description"
"Contact","Section Heading (H2)","Item 1","Send us a message","Liên hệ với chúng tôi",""
"Contact","Form Label","Item 2","Name *","Họ và tên *",""
"Contact","Form Label","Item 3","Email *","Email *",""
"Contact","Form Label","Item 4","Company/Organization *","Công ty/Tổ chức *",""
"Contact","Form Label","Item 5","Phone *","Điện thoại *",""
"Contact","Form Label","Item 6","Website (optional)","Website (nếu có)",""
"Contact","Form Label","Item 7","Message *","Nội dung tin nhắn *",""
"Contact","Form Label","Item 8","I consent to HealthSyncX using my submitted information to respond to my inquiry","Tôi đồng ý để HealthSyncX sử dụng thông tin tôi cung cấp để liên hệ và phản hồi yêu cầu của tôi.",""
"Contact","Text Content","Item 9","Send Message","Gửi tin nhắn",""
"Contact","Subsection Heading (H3)","Item 10","Contact Information","Thông tin liên hệ",""
"Contact","Minor Heading (H4)","Item 11","Email","Email",""
"Contact","Link Text","Item 12","contact@healthsyncx.org","contact@healthsyncx.org",""
"Contact","Minor Heading (H4)","Item 13","Location","Địa điểm",""
"Contact","Paragraph","Item 14","Vietnam","Việt Nam",""
"Contact","Text Content","Item 15","New Zealand","New Zealand",""
"Contact","Minor Heading (H4)","Item 16","Free 30-minute consultation","30 phút tư vấn miễn phí",""
"Contact","Paragraph","Item 17","Book a free 30-minute consultation to discuss your systems integration needs.","Đăng ký tư vấn miễn phí 30 phút để trao đổi về nhu cầu tích hợp hệ thống của bạn.",""
"Contact","Paragraph","Item 18","Response time: Within 24 hours","Thời gian phản hồi: trong vòng 24 giờ",""
"Privacy Policy","SEO - Page Title","Meta Tag","Privacy Policy","Chính sách Bảo mật","Browser tab title"
"Privacy Policy","SEO - Meta Description","Meta Tag","HealthSyncX Privacy Policy - How we collect, use, and protect your personal information.","Chính sách Bảo mật của HealthSyncX - Cách chúng tôi thu thập, sử dụng và bảo vệ thông tin cá nhân của bạn.","Search engine description"
"Privacy Policy","Main Heading (H1)","Item 1","Privacy Policy","Chính sách bảo mật",""
"Privacy Policy","Paragraph","Item 2","Your privacy is important to us","Chúng tôi luôn coi trọng quyền riêng tư của mọi người.",""
"Privacy Policy","Paragraph","Item 3","Last updated:","Cập nhật lần cuối:",""
"Privacy Policy","Section Heading (H2)","Item 4","Introduction","Giới thiệu",""
"Privacy Policy","Paragraph","Item 5","HealthSyncX Co., Ltd is a Vietnam-registered company operating in Vietnam and collaborating in New Zealand and other Asia-Pacific regions. This Privacy Policy explains how we collect, use, and protect personal information on our website.","Công ty TNHH HealthSyncX được đăng ký tại Việt Nam, hoạt động tại Việt Nam và hợp tác với các đối tác tại New Zealand cùng nhiều quốc gia trong khu vực Châu Á – Thái Bình Dương. Chính sách này giải thích cách chúng tôi thu thập, sử dụng và bảo vệ thông tin cá nhân trên trang web của mình.",""
"Privacy Policy","Section Heading (H2)","Item 6","Information We Collect","Thông tin chúng tôi thu thập",""
"Privacy Policy","Paragraph","Item 7","We may collect information such as your name, company, email, phone number, and message details when you contact us. We also collect non-personal data such as browser type, IP address, and cookies for website analytics.","Khi bạn liên hệ với chúng tôi, chúng tôi có thể thu thập thông tin như họ tên, công ty, email, số điện thoại và nội dung tin nhắn. Ngoài ra, một số dữ liệu phi cá nhân như loại trình duyệt, địa chỉ IP và cookie cũng có thể được thu thập để phân tích hoạt động của trang web.",""
"Privacy Policy","Section Heading (H2)","Item 8","How We Use Information","Mục đích sử dụng thông tin",""
"Privacy Policy","Paragraph","Item 9","We use this information to respond to inquiries, improve our website, and comply with applicable laws. Data is never sold or shared for marketing purposes without consent.","Thông tin được sử dụng để phản hồi yêu cầu của người gửi, cải thiện trải nghiệm trang web và tuân thủ các quy định pháp luật. Chúng tôi cam kết không bán hoặc chia sẻ dữ liệu cho mục đích tiếp thị nếu chưa có sự đồng ý của bạn.",""
"Privacy Policy","Section Heading (H2)","Item 10","Data Storage and Security","Lưu trữ và bảo mật dữ liệu",""
"Privacy Policy","Paragraph","Item 11","Your data is securely stored using encrypted hosting and limited internal access. We retain data only as long as necessary for our business or legal obligations.","Dữ liệu của người gửi được lưu trữ an toàn trên hệ thống mã hóa và chỉ những nhân sự được ủy quyền mới có quyền truy cập. Chúng tôi chỉ lưu giữ dữ liệu trong thời gian cần thiết để phục vụ hoạt động của HealthSyncX hoặc yêu cầu pháp lý.",""
"Privacy Policy","Section Heading (H2)","Item 12","International Scope","Phạm vi quốc tế",""
"Privacy Policy","Paragraph","Item 13","While HealthSyncX collaborates with partners in New Zealand, all personal data collected via this website is processed under Vietnamese law. When applicable, New Zealand privacy principles will also be respected.","Mặc dù HealthSyncX hợp tác với các đối tác tại New Zealand, các dữ liệu cá nhân thu thập qua trang web này đều được xử lý theo quy định của pháp luật Việt Nam. Trong những trường hợp cần thiết, các nguyên tắc bảo mật của New Zealand cũng sẽ được áp dụng.",""
"Privacy Policy","Section Heading (H2)","Item 14","User Rights","Quyền của người dùng",""
"Privacy Policy","Paragraph","Item 15","You have the right to request access, correction, or deletion of your personal data. Please contact us if you wish to exercise these rights.","Bạn có quyền yêu cầu truy cập, chỉnh sửa hoặc xóa dữ liệu cá nhân của mình. Vui lòng liên hệ với chúng tôi nếu bạn muốn thực hiện các quyền này.",""
"Privacy Policy","Section Heading (H2)","Item 16","Policy Updates","Cập nhật chính sách",""
"Privacy Policy","Paragraph","Item 17","We may update this Privacy Policy periodically. Any changes will be posted on this page with an updated date.","Chính sách bảo mật có thể được cập nhật định kỳ. Mọi thay đổi sẽ được thông báo trên trang này cùng ngày cập nhật mới nhất.",""
"Privacy Policy","Section Heading (H2)","Item 18","Contact Information","Thông tin liên hệ",""
"Privacy Policy","Paragraph","Item 19","If you have questions about this Privacy Policy, please contact us at","Nếu bạn có câu hỏi về chính sách bảo mật này, vui lòng liên hệ với chúng tôi qua địa chỉ email:",""
"Privacy Policy","Link Text","Item 20","contact@healthsyncx.org","contact@healthsyncx.org",""
"Terms & Conditions","SEO - Page Title","Meta Tag","Terms & Conditions","Điều khoản & Điều kiện","Browser tab title"
"Terms & Conditions","SEO - Meta Description","Meta Tag","HealthSyncX Terms & Conditions - Legal terms governing the use of our website and services.","Điều khoản & Điều kiện của HealthSyncX - Các điều khoản pháp lý điều chỉnh việc sử dụng trang web và dịch vụ của chúng tôi.","Search engine description"
"Terms & Conditions","Main Heading (H1)","Item 1","Terms & Conditions","Điều khoản & điều kiện",""
"Terms & Conditions","Paragraph","Item 2","Legal terms governing the use of our services","Các điều khoản pháp lý điều chỉnh việc sử dụng dịch vụ của chúng tôi",""
"Terms & Conditions","Paragraph","Item 3","Last updated:","Cập nhật lần cuối:",""
"Terms & Conditions","Section Heading (H2)","Item 4","Acceptance of Terms","Chấp nhận điều khoản",""
"Terms & Conditions","Paragraph","Item 5","By accessing or using the website of HealthSyncX Co., Ltd, you agree to comply with these Terms and Conditions.","Khi truy cập hoặc sử dụng trang web của Công ty TNHH HealthSyncX, bạn đồng ý với việc chấp nhận và tuân thủ các điều khoản & điều kiện trong chính sách này.",""
"Terms & Conditions","Section Heading (H2)","Item 6","Use of Website","Sử dụng trang web",""
"Terms & Conditions","Paragraph","Item 7","Users must not use this website for unlawful purposes, hacking, or unauthorized data extraction.","Người dùng không được phép sử dụng trang web cho các hành vi vi phạm pháp luật, tấn công mạng hoặc trích xuất dữ liệu trái phép.",""
"Terms & Conditions","Section Heading (H2)","Item 8","Intellectual Property","Quyền sở hữu trí tuệ",""
"Terms & Conditions","Paragraph","Item 9","All content, logos, and materials on this website belong to HealthSyncX Co., Ltd. Reproduction or distribution without consent is prohibited.","Tất cả nội dung, logo và tài liệu trên trang web này thuộc quyền sở hữu của Công ty TNHH HealthSyncX. Mọi hình thức sao chép hoặc phân phối mà không có sự đồng ý bằng văn bản đều bị nghiêm cấm.",""
"Terms & Conditions","Section Heading (H2)","Item 10","Disclaimer","Miễn trừ trách nhiệm",""
"Terms & Conditions","Paragraph","Item 11","Information on this website is provided for general informational purposes and does not constitute professional or medical advice.","Thông tin trên trang web chỉ mang tính tham khảo chung và không được xem là lời khuyên chuyên môn hoặc y tế.",""
"Terms & Conditions","Section Heading (H2)","Item 12","Links to Other Sites","Liên kết đến trang khác",""
"Terms & Conditions","Paragraph","Item 13","Our website may contain links to third-party sites. We are not responsible for their content or privacy practices.","Trang web của chúng tôi có thể bao gồm liên kết đường dẫn đến các trang của bên thứ ba. HealthSyncX không chịu trách nhiệm về nội dung hoặc chính sách bảo mật của các trang đó.",""
"Terms & Conditions","Section Heading (H2)","Item 14","Governing Law","Luật điều chỉnh",""
"Terms & Conditions","Paragraph","Item 15","These Terms are governed by the laws of the Socialist Republic of Vietnam. For collaborations in New Zealand, applicable local laws will also be observed when required.","Các điều khoản này được điều chỉnh bởi pháp luật của nước Cộng hòa Xã hội Chủ nghĩa Việt Nam. Đối với các hoạt động hợp tác tại New Zealand, luật pháp địa phương sẽ được tuân thủ khi cần thiết.",""
"Terms & Conditions","Section Heading (H2)","Item 16","Contact Information","Thông tin liên hệ",""
"Terms & Conditions","Paragraph","Item 17","If you have questions about these Terms & Conditions, please contact us at","Nếu bạn có câu hỏi về các điều khoản và điều kiện này, vui lòng liên hệ với chúng tôi qua địa chỉ email:",""
"Terms & Conditions","Link Text","Item 18","contact@healthsyncx.org","contact@healthsyncx.org",""
